record_id,dataset_id,video_path,source_zip,original_filename,split,width,height,fps,frame_count,duration_sec,view_layout,overlay_xyxy,fluorescence_xyxy,reference_xyxy,full_preview_path,overlay_preview_path,fluorescence_preview_path,reference_preview_path,source_page_original_link,domain_boundary,readable,probe_error
OFDVDNET_001,D046_OFDVDNET,C:\Users\876762330\Desktop\projects\osteo-vision\research\datasets\public-candidates\d046_fluorescence_osteomyelitis_videos\raw\fluorescence_proxy\ofdvdnet_dryad_v6wwpzh3w\extracted\OL-2021-07-20-121707-000004-record.mp4,C:\Users\876762330\Desktop\projects\osteo-vision\research\datasets\public-candidates\d046_fluorescence_osteomyelitis_videos\raw\fluorescence_proxy\ofdvdnet_dryad_v6wwpzh3w\data.zip,OL-2021-07-20-121707-000004-record.mp4,train,2048,1536,15.0,770,51.333333,top_left_overlay__top_right_fluorescence__bottom_left_reference,0|0|1024|768,1024|0|2048|768,0|768|1024|1536,C:\Users\876762330\Desktop\projects\osteo-vision\research\datasets\public-candidates\d046_fluorescence_osteomyelitis_videos\derived\ofdvdnet\previews\OFDVDNET_001_full.jpg,C:\Users\876762330\Desktop\projects\osteo-vision\research\datasets\public-candidates\d046_fluorescence_osteomyelitis_videos\derived\ofdvdnet\previews\OFDVDNET_001_overlay.jpg,C:\Users\876762330\Desktop\projects\osteo-vision\research\datasets\public-candidates\d046_fluorescence_osteomyelitis_videos\derived\ofdvdnet\previews\OFDVDNET_001_fluorescence.jpg,C:\Users\876762330\Desktop\projects\osteo-vision\research\datasets\public-candidates\d046_fluorescence_osteomyelitis_videos\derived\ofdvdnet\previews\OFDVDNET_001_reference.jpg,https://datadryad.org/dataset/doi:10.5061/dryad.v6wwpzh3w,OFDVDnet mock chicken-thigh FGS proxy; not jaw osteomyelitis or real intraoperative target-domain data.,True,
OFDVDNET_002,D046_OFDVDNET,C:\Users\876762330\Desktop\projects\osteo-vision\research\datasets\public-candidates\d046_fluorescence_osteomyelitis_videos\raw\fluorescence_proxy\ofdvdnet_dryad_v6wwpzh3w\extracted\OL-2021-07-20-121809-000007-record.mp4,C:\Users\876762330\Desktop\projects\osteo-vision\research\datasets\public-candidates\d046_fluorescence_osteomyelitis_videos\raw\fluorescence_proxy\ofdvdnet_dryad_v6wwpzh3w\data.zip,OL-2021-07-20-121809-000007-record.mp4,train,2048,1536,15.0,1202,80.133333,top_left_overlay__top_right_fluorescence__bottom_left_reference,0|0|1024|768,1024|0|2048|768,0|768|1024|1536,C:\Users\876762330\Desktop\projects\osteo-vision\research\datasets\public-candidates\d046_fluorescence_osteomyelitis_videos\derived\ofdvdnet\previews\OFDVDNET_002_full.jpg,C:\Users\876762330\Desktop\projects\osteo-vision\research\datasets\public-candidates\d046_fluorescence_osteomyelitis_videos\derived\ofdvdnet\previews\OFDVDNET_002_overlay.jpg,C:\Users\876762330\Desktop\projects\osteo-vision\research\datasets\public-candidates\d046_fluorescence_osteomyelitis_videos\derived\ofdvdnet\previews\OFDVDNET_002_fluorescence.jpg,C:\Users\876762330\Desktop\projects\osteo-vision\research\datasets\public-candidates\d046_fluorescence_osteomyelitis_videos\derived\ofdvdnet\previews\OFDVDNET_002_reference.jpg,https://datadryad.org/dataset/doi:10.5061/dryad.v6wwpzh3w,OFDVDnet mock chicken-thigh FGS proxy; not jaw osteomyelitis or real intraoperative target-domain data.,True,
OFDVDNET_003,D046_OFDVDNET,C:\Users\876762330\Desktop\projects\osteo-vision\research\datasets\public-candidates\d046_fluorescence_osteomyelitis_videos\raw\fluorescence_proxy\ofdvdnet_dryad_v6wwpzh3w\extracted\OL-2021-07-20-121933-000010-record.mp4,C:\Users\876762330\Desktop\projects\osteo-vision\research\datasets\public-candidates\d046_fluorescence_osteomyelitis_videos\raw\fluorescence_proxy\ofdvdnet_dryad_v6wwpzh3w\data.zip,OL-2021-07-20-121933-000010-record.mp4,train,2048,1536,15.0,1136,75.733333,top_left_overlay__top_right_fluorescence__bottom_left_reference,0|0|1024|768,1024|0|2048|768,0|768|1024|1536,C:\Users\876762330\Desktop\projects\osteo-vision\research\datasets\public-candidates\d046_fluorescence_osteomyelitis_videos\derived\ofdvdnet\previews\OFDVDNET_003_full.jpg,C:\Users\876762330\Desktop\projects\osteo-vision\research\datasets\public-candidates\d046_fluorescence_osteomyelitis_videos\derived\ofdvdnet\previews\OFDVDNET_003_overlay.jpg,C:\Users\876762330\Desktop\projects\osteo-vision\research\datasets\public-candidates\d046_fluorescence_osteomyelitis_videos\derived\ofdvdnet\previews\OFDVDNET_003_fluorescence.jpg,C:\Users\876762330\Desktop\projects\osteo-vision\research\datasets\public-candidates\d046_fluorescence_osteomyelitis_videos\derived\ofdvdnet\previews\OFDVDNET_003_reference.jpg,https://datadryad.org/dataset/doi:10.5061/dryad.v6wwpzh3w,OFDVDnet mock chicken-thigh FGS proxy; not jaw osteomyelitis or real intraoperative target-domain data.,True,
OFDVDNET_004,D046_OFDVDNET,C:\Users\876762330\Desktop\projects\osteo-vision\research\datasets\public-candidates\d046_fluorescence_osteomyelitis_videos\raw\fluorescence_proxy\ofdvdnet_dryad_v6wwpzh3w\extracted\OL-2021-07-20-122106-000013-record.mp4,C:\Users\876762330\Desktop\projects\osteo-vision\research\datasets\public-candidates\d046_fluorescence_osteomyelitis_videos\raw\fluorescence_proxy\ofdvdnet_dryad_v6wwpzh3w\data.zip,OL-2021-07-20-122106-000013-record.mp4,train,0,0,0.0,0,,top_left_overlay__top_right_fluorescence__bottom_left_reference,0|0|0|0,0|0|0|0,0|0|0|0,,,,,https://datadryad.org/dataset/doi:10.5061/dryad.v6wwpzh3w,OFDVDnet mock chicken-thigh FGS proxy; not jaw osteomyelitis or real intraoperative target-domain data.,False,Could not open video: C:\Users\876762330\Desktop\projects\osteo-vision\research\datasets\public-candidates\d046_fluorescence_osteomyelitis_videos\raw\fluorescence_proxy\ofdvdnet_dryad_v6wwpzh3w\extracted\OL-2021-07-20-122106-000013-record.mp4
OFDVDNET_005,D046_OFDVDNET,C:\Users\876762330\Desktop\projects\osteo-vision\research\datasets\public-candidates\d046_fluorescence_osteomyelitis_videos\raw\fluorescence_proxy\ofdvdnet_dryad_v6wwpzh3w\extracted\OL-2021-07-20-123850-000005-record.mp4,C:\Users\876762330\Desktop\projects\osteo-vision\research\datasets\public-candidates\d046_fluorescence_osteomyelitis_videos\raw\fluorescence_proxy\ofdvdnet_dryad_v6wwpzh3w\data.zip,OL-2021-07-20-123850-000005-record.mp4,train,2048,1536,15.0,513,34.2,top_left_overlay__top_right_fluorescence__bottom_left_reference,0|0|1024|768,1024|0|2048|768,0|768|1024|1536,C:\Users\876762330\Desktop\projects\osteo-vision\research\datasets\public-candidates\d046_fluorescence_osteomyelitis_videos\derived\ofdvdnet\previews\OFDVDNET_005_full.jpg,C:\Users\876762330\Desktop\projects\osteo-vision\research\datasets\public-candidates\d046_fluorescence_osteomyelitis_videos\derived\ofdvdnet\previews\OFDVDNET_005_overlay.jpg,C:\Users\876762330\Desktop\projects\osteo-vision\research\datasets\public-candidates\d046_fluorescence_osteomyelitis_videos\derived\ofdvdnet\previews\OFDVDNET_005_fluorescence.jpg,C:\Users\876762330\Desktop\projects\osteo-vision\research\datasets\public-candidates\d046_fluorescence_osteomyelitis_videos\derived\ofdvdnet\previews\OFDVDNET_005_reference.jpg,https://datadryad.org/dataset/doi:10.5061/dryad.v6wwpzh3w,OFDVDnet mock chicken-thigh FGS proxy; not jaw osteomyelitis or real intraoperative target-domain data.,True,
OFDVDNET_006,D046_OFDVDNET,C:\Users\876762330\Desktop\projects\osteo-vision\research\datasets\public-candidates\d046_fluorescence_osteomyelitis_videos\raw\fluorescence_proxy\ofdvdnet_dryad_v6wwpzh3w\extracted\OL-2021-07-20-123923-000006-record.mp4,C:\Users\876762330\Desktop\projects\osteo-vision\research\datasets\public-candidates\d046_fluorescence_osteomyelitis_videos\raw\fluorescence_proxy\ofdvdnet_dryad_v6wwpzh3w\data.zip,OL-2021-07-20-123923-000006-record.mp4,train,2048,1536,15.0,1361,90.733333,top_left_overlay__top_right_fluorescence__bottom_left_reference,0|0|1024|768,1024|0|2048|768,0|768|1024|1536,C:\Users\876762330\Desktop\projects\osteo-vision\research\datasets\public-candidates\d046_fluorescence_osteomyelitis_videos\derived\ofdvdnet\previews\OFDVDNET_006_full.jpg,C:\Users\876762330\Desktop\projects\osteo-vision\research\datasets\public-candidates\d046_fluorescence_osteomyelitis_videos\derived\ofdvdnet\previews\OFDVDNET_006_overlay.jpg,C:\Users\876762330\Desktop\projects\osteo-vision\research\datasets\public-candidates\d046_fluorescence_osteomyelitis_videos\derived\ofdvdnet\previews\OFDVDNET_006_fluorescence.jpg,C:\Users\876762330\Desktop\projects\osteo-vision\research\datasets\public-candidates\d046_fluorescence_osteomyelitis_videos\derived\ofdvdnet\previews\OFDVDNET_006_reference.jpg,https://datadryad.org/dataset/doi:10.5061/dryad.v6wwpzh3w,OFDVDnet mock chicken-thigh FGS proxy; not jaw osteomyelitis or real intraoperative target-domain data.,True,
OFDVDNET_007,D046_OFDVDNET,C:\Users\876762330\Desktop\projects\osteo-vision\research\datasets\public-candidates\d046_fluorescence_osteomyelitis_videos\raw\fluorescence_proxy\ofdvdnet_dryad_v6wwpzh3w\extracted\OL-2021-07-20-124515-000009-record.mp4,C:\Users\876762330\Desktop\projects\osteo-vision\research\datasets\public-candidates\d046_fluorescence_osteomyelitis_videos\raw\fluorescence_proxy\ofdvdnet_dryad_v6wwpzh3w\data.zip,OL-2021-07-20-124515-000009-record.mp4,train,2048,1536,15.0,1229,81.933333,top_left_overlay__top_right_fluorescence__bottom_left_reference,0|0|1024|768,1024|0|2048|768,0|768|1024|1536,C:\Users\876762330\Desktop\projects\osteo-vision\research\datasets\public-candidates\d046_fluorescence_osteomyelitis_videos\derived\ofdvdnet\previews\OFDVDNET_007_full.jpg,C:\Users\876762330\Desktop\projects\osteo-vision\research\datasets\public-candidates\d046_fluorescence_osteomyelitis_videos\derived\ofdvdnet\previews\OFDVDNET_007_overlay.jpg,C:\Users\876762330\Desktop\projects\osteo-vision\research\datasets\public-candidates\d046_fluorescence_osteomyelitis_videos\derived\ofdvdnet\previews\OFDVDNET_007_fluorescence.jpg,C:\Users\876762330\Desktop\projects\osteo-vision\research\datasets\public-candidates\d046_fluorescence_osteomyelitis_videos\derived\ofdvdnet\previews\OFDVDNET_007_reference.jpg,https://datadryad.org/dataset/doi:10.5061/dryad.v6wwpzh3w,OFDVDnet mock chicken-thigh FGS proxy; not jaw osteomyelitis or real intraoperative target-domain data.,True,
OFDVDNET_008,D046_OFDVDNET,C:\Users\876762330\Desktop\projects\osteo-vision\research\datasets\public-candidates\d046_fluorescence_osteomyelitis_videos\raw\fluorescence_proxy\ofdvdnet_dryad_v6wwpzh3w\extracted\OL-2021-07-20-124634-000012-record.mp4,C:\Users\876762330\Desktop\projects\osteo-vision\research\datasets\public-candidates\d046_fluorescence_osteomyelitis_videos\raw\fluorescence_proxy\ofdvdnet_dryad_v6wwpzh3w\data.zip,OL-2021-07-20-124634-000012-record.mp4,train,2048,1536,15.0,1103,73.533333,top_left_overlay__top_right_fluorescence__bottom_left_reference,0|0|1024|768,1024|0|2048|768,0|768|1024|1536,C:\Users\876762330\Desktop\projects\osteo-vision\research\datasets\public-candidates\d046_fluorescence_osteomyelitis_videos\derived\ofdvdnet\previews\OFDVDNET_008_full.jpg,C:\Users\876762330\Desktop\projects\osteo-vision\research\datasets\public-candidates\d046_fluorescence_osteomyelitis_videos\derived\ofdvdnet\previews\OFDVDNET_008_overlay.jpg,C:\Users\876762330\Desktop\projects\osteo-vision\research\datasets\public-candidates\d046_fluorescence_osteomyelitis_videos\derived\ofdvdnet\previews\OFDVDNET_008_fluorescence.jpg,C:\Users\876762330\Desktop\projects\osteo-vision\research\datasets\public-candidates\d046_fluorescence_osteomyelitis_videos\derived\ofdvdnet\previews\OFDVDNET_008_reference.jpg,https://datadryad.org/dataset/doi:10.5061/dryad.v6wwpzh3w,OFDVDnet mock chicken-thigh FGS proxy; not jaw osteomyelitis or real intraoperative target-domain data.,True,
OFDVDNET_009,D046_OFDVDNET,C:\Users\876762330\Desktop\projects\osteo-vision\research\datasets\public-candidates\d046_fluorescence_osteomyelitis_videos\raw\fluorescence_proxy\ofdvdnet_dryad_v6wwpzh3w\extracted\OL-2021-07-20-124746-000015-record.mp4,C:\Users\876762330\Desktop\projects\osteo-vision\research\datasets\public-candidates\d046_fluorescence_osteomyelitis_videos\raw\fluorescence_proxy\ofdvdnet_dryad_v6wwpzh3w\data.zip,OL-2021-07-20-124746-000015-record.mp4,train,2048,1536,15.0,1163,77.533333,top_left_overlay__top_right_fluorescence__bottom_left_reference,0|0|1024|768,1024|0|2048|768,0|768|1024|1536,C:\Users\876762330\Desktop\projects\osteo-vision\research\datasets\public-candidates\d046_fluorescence_osteomyelitis_videos\derived\ofdvdnet\previews\OFDVDNET_009_full.jpg,C:\Users\876762330\Desktop\projects\osteo-vision\research\datasets\public-candidates\d046_fluorescence_osteomyelitis_videos\derived\ofdvdnet\previews\OFDVDNET_009_overlay.jpg,C:\Users\876762330\Desktop\projects\osteo-vision\research\datasets\public-candidates\d046_fluorescence_osteomyelitis_videos\derived\ofdvdnet\previews\OFDVDNET_009_fluorescence.jpg,C:\Users\876762330\Desktop\projects\osteo-vision\research\datasets\public-candidates\d046_fluorescence_osteomyelitis_videos\derived\ofdvdnet\previews\OFDVDNET_009_reference.jpg,https://datadryad.org/dataset/doi:10.5061/dryad.v6wwpzh3w,OFDVDnet mock chicken-thigh FGS proxy; not jaw osteomyelitis or real intraoperative target-domain data.,True,
OFDVDNET_010,D046_OFDVDNET,C:\Users\876762330\Desktop\projects\osteo-vision\research\datasets\public-candidates\d046_fluorescence_osteomyelitis_videos\raw\fluorescence_proxy\ofdvdnet_dryad_v6wwpzh3w\extracted\OL-2021-07-20-124901-000018-record.mp4,C:\Users\876762330\Desktop\projects\osteo-vision\research\datasets\public-candidates\d046_fluorescence_osteomyelitis_videos\raw\fluorescence_proxy\ofdvdnet_dryad_v6wwpzh3w\data.zip,OL-2021-07-20-124901-000018-record.mp4,train,2048,1536,15.0,642,42.8,top_left_overlay__top_right_fluorescence__bottom_left_reference,0|0|1024|768,1024|0|2048|768,0|768|1024|1536,C:\Users\876762330\Desktop\projects\osteo-vision\research\datasets\public-candidates\d046_fluorescence_osteomyelitis_videos\derived\ofdvdnet\previews\OFDVDNET_010_full.jpg,C:\Users\876762330\Desktop\projects\osteo-vision\research\datasets\public-candidates\d046_fluorescence_osteomyelitis_videos\derived\ofdvdnet\previews\OFDVDNET_010_overlay.jpg,C:\Users\876762330\Desktop\projects\osteo-vision\research\datasets\public-candidates\d046_fluorescence_osteomyelitis_videos\derived\ofdvdnet\previews\OFDVDNET_010_fluorescence.jpg,C:\Users\876762330\Desktop\projects\osteo-vision\research\datasets\public-candidates\d046_fluorescence_osteomyelitis_videos\derived\ofdvdnet\previews\OFDVDNET_010_reference.jpg,https://datadryad.org/dataset/doi:10.5061/dryad.v6wwpzh3w,OFDVDnet mock chicken-thigh FGS proxy; not jaw osteomyelitis or real intraoperative target-domain data.,True,
OFDVDNET_011,D046_OFDVDNET,C:\Users\876762330\Desktop\projects\osteo-vision\research\datasets\public-candidates\d046_fluorescence_osteomyelitis_videos\raw\fluorescence_proxy\ofdvdnet_dryad_v6wwpzh3w\extracted\OL-2021-07-20-125008-000021-record.mp4,C:\Users\876762330\Desktop\projects\osteo-vision\research\datasets\public-candidates\d046_fluorescence_osteomyelitis_videos\raw\fluorescence_proxy\ofdvdnet_dryad_v6wwpzh3w\data.zip,OL-2021-07-20-125008-000021-record.mp4,train,2048,1536,15.0,1230,82.0,top_left_overlay__top_right_fluorescence__bottom_left_reference,0|0|1024|768,1024|0|2048|768,0|768|1024|1536,C:\Users\876762330\Desktop\projects\osteo-vision\research\datasets\public-candidates\d046_fluorescence_osteomyelitis_videos\derived\ofdvdnet\previews\OFDVDNET_011_full.jpg,C:\Users\876762330\Desktop\projects\osteo-vision\research\datasets\public-candidates\d046_fluorescence_osteomyelitis_videos\derived\ofdvdnet\previews\OFDVDNET_011_overlay.jpg,C:\Users\876762330\Desktop\projects\osteo-vision\research\datasets\public-candidates\d046_fluorescence_osteomyelitis_videos\derived\ofdvdnet\previews\OFDVDNET_011_fluorescence.jpg,C:\Users\876762330\Desktop\projects\osteo-vision\research\datasets\public-candidates\d046_fluorescence_osteomyelitis_videos\derived\ofdvdnet\previews\OFDVDNET_011_reference.jpg,https://datadryad.org/dataset/doi:10.5061/dryad.v6wwpzh3w,OFDVDnet mock chicken-thigh FGS proxy; not jaw osteomyelitis or real intraoperative target-domain data.,True,
OFDVDNET_012,D046_OFDVDNET,C:\Users\876762330\Desktop\projects\osteo-vision\research\datasets\public-candidates\d046_fluorescence_osteomyelitis_videos\raw\fluorescence_proxy\ofdvdnet_dryad_v6wwpzh3w\extracted\OL-2021-07-20-125129-000024-record.mp4,C:\Users\876762330\Desktop\projects\osteo-vision\research\datasets\public-candidates\d046_fluorescence_osteomyelitis_videos\raw\fluorescence_proxy\ofdvdnet_dryad_v6wwpzh3w\data.zip,OL-2021-07-20-125129-000024-record.mp4,train,2048,1536,15.0,1362,90.8,top_left_overlay__top_right_fluorescence__bottom_left_reference,0|0|1024|768,1024|0|2048|768,0|768|1024|1536,C:\Users\876762330\Desktop\projects\osteo-vision\research\datasets\public-candidates\d046_fluorescence_osteomyelitis_videos\derived\ofdvdnet\previews\OFDVDNET_012_full.jpg,C:\Users\876762330\Desktop\projects\osteo-vision\research\datasets\public-candidates\d046_fluorescence_osteomyelitis_videos\derived\ofdvdnet\previews\OFDVDNET_012_overlay.jpg,C:\Users\876762330\Desktop\projects\osteo-vision\research\datasets\public-candidates\d046_fluorescence_osteomyelitis_videos\derived\ofdvdnet\previews\OFDVDNET_012_fluorescence.jpg,C:\Users\876762330\Desktop\projects\osteo-vision\research\datasets\public-candidates\d046_fluorescence_osteomyelitis_videos\derived\ofdvdnet\previews\OFDVDNET_012_reference.jpg,https://datadryad.org/dataset/doi:10.5061/dryad.v6wwpzh3w,OFDVDnet mock chicken-thigh FGS proxy; not jaw osteomyelitis or real intraoperative target-domain data.,True,
OFDVDNET_013,D046_OFDVDNET,C:\Users\876762330\Desktop\projects\osteo-vision\research\datasets\public-candidates\d046_fluorescence_osteomyelitis_videos\raw\fluorescence_proxy\ofdvdnet_dryad_v6wwpzh3w\extracted\OL-2021-07-20-125329-000027-record.mp4,C:\Users\876762330\Desktop\projects\osteo-vision\research\datasets\public-candidates\d046_fluorescence_osteomyelitis_videos\raw\fluorescence_proxy\ofdvdnet_dryad_v6wwpzh3w\data.zip,OL-2021-07-20-125329-000027-record.mp4,train,2048,1536,15.0,1392,92.8,top_left_overlay__top_right_fluorescence__bottom_left_reference,0|0|1024|768,1024|0|2048|768,0|768|1024|1536,C:\Users\876762330\Desktop\projects\osteo-vision\research\datasets\public-candidates\d046_fluorescence_osteomyelitis_videos\derived\ofdvdnet\previews\OFDVDNET_013_full.jpg,C:\Users\876762330\Desktop\projects\osteo-vision\research\datasets\public-candidates\d046_fluorescence_osteomyelitis_videos\derived\ofdvdnet\previews\OFDVDNET_013_overlay.jpg,C:\Users\876762330\Desktop\projects\osteo-vision\research\datasets\public-candidates\d046_fluorescence_osteomyelitis_videos\derived\ofdvdnet\previews\OFDVDNET_013_fluorescence.jpg,C:\Users\876762330\Desktop\projects\osteo-vision\research\datasets\public-candidates\d046_fluorescence_osteomyelitis_videos\derived\ofdvdnet\previews\OFDVDNET_013_reference.jpg,https://datadryad.org/dataset/doi:10.5061/dryad.v6wwpzh3w,OFDVDnet mock chicken-thigh FGS proxy; not jaw osteomyelitis or real intraoperative target-domain data.,True,
OFDVDNET_014,D046_OFDVDNET,C:\Users\876762330\Desktop\projects\osteo-vision\research\datasets\public-candidates\d046_fluorescence_osteomyelitis_videos\raw\fluorescence_proxy\ofdvdnet_dryad_v6wwpzh3w\extracted\OL-2021-07-20-125458-000030-record.mp4,C:\Users\876762330\Desktop\projects\osteo-vision\research\datasets\public-candidates\d046_fluorescence_osteomyelitis_videos\raw\fluorescence_proxy\ofdvdnet_dryad_v6wwpzh3w\data.zip,OL-2021-07-20-125458-000030-record.mp4,train,2048,1536,15.0,1288,85.866667,top_left_overlay__top_right_fluorescence__bottom_left_reference,0|0|1024|768,1024|0|2048|768,0|768|1024|1536,C:\Users\876762330\Desktop\projects\osteo-vision\research\datasets\public-candidates\d046_fluorescence_osteomyelitis_videos\derived\ofdvdnet\previews\OFDVDNET_014_full.jpg,C:\Users\876762330\Desktop\projects\osteo-vision\research\datasets\public-candidates\d046_fluorescence_osteomyelitis_videos\derived\ofdvdnet\previews\OFDVDNET_014_overlay.jpg,C:\Users\876762330\Desktop\projects\osteo-vision\research\datasets\public-candidates\d046_fluorescence_osteomyelitis_videos\derived\ofdvdnet\previews\OFDVDNET_014_fluorescence.jpg,C:\Users\876762330\Desktop\projects\osteo-vision\research\datasets\public-candidates\d046_fluorescence_osteomyelitis_videos\derived\ofdvdnet\previews\OFDVDNET_014_reference.jpg,https://datadryad.org/dataset/doi:10.5061/dryad.v6wwpzh3w,OFDVDnet mock chicken-thigh FGS proxy; not jaw osteomyelitis or real intraoperative target-domain data.,True,
OFDVDNET_015,D046_OFDVDNET,C:\Users\876762330\Desktop\projects\osteo-vision\research\datasets\public-candidates\d046_fluorescence_osteomyelitis_videos\raw\fluorescence_proxy\ofdvdnet_dryad_v6wwpzh3w\extracted\OL-2021-07-20-125621-000033-record.mp4,C:\Users\876762330\Desktop\projects\osteo-vision\research\datasets\public-candidates\d046_fluorescence_osteomyelitis_videos\raw\fluorescence_proxy\ofdvdnet_dryad_v6wwpzh3w\data.zip,OL-2021-07-20-125621-000033-record.mp4,train,2048,1536,15.0,1361,90.733333,top_left_overlay__top_right_fluorescence__bottom_left_reference,0|0|1024|768,1024|0|2048|768,0|768|1024|1536,C:\Users\876762330\Desktop\projects\osteo-vision\research\datasets\public-candidates\d046_fluorescence_osteomyelitis_videos\derived\ofdvdnet\previews\OFDVDNET_015_full.jpg,C:\Users\876762330\Desktop\projects\osteo-vision\research\datasets\public-candidates\d046_fluorescence_osteomyelitis_videos\derived\ofdvdnet\previews\OFDVDNET_015_overlay.jpg,C:\Users\876762330\Desktop\projects\osteo-vision\research\datasets\public-candidates\d046_fluorescence_osteomyelitis_videos\derived\ofdvdnet\previews\OFDVDNET_015_fluorescence.jpg,C:\Users\876762330\Desktop\projects\osteo-vision\research\datasets\public-candidates\d046_fluorescence_osteomyelitis_videos\derived\ofdvdnet\previews\OFDVDNET_015_reference.jpg,https://datadryad.org/dataset/doi:10.5061/dryad.v6wwpzh3w,OFDVDnet mock chicken-thigh FGS proxy; not jaw osteomyelitis or real intraoperative target-domain data.,True,
OFDVDNET_016,D046_OFDVDNET,C:\Users\876762330\Desktop\projects\osteo-vision\research\datasets\public-candidates\d046_fluorescence_osteomyelitis_videos\raw\fluorescence_proxy\ofdvdnet_dryad_v6wwpzh3w\extracted\OL-2021-07-20-125749-000036-record.mp4,C:\Users\876762330\Desktop\projects\osteo-vision\research\datasets\public-candidates\d046_fluorescence_osteomyelitis_videos\raw\fluorescence_proxy\ofdvdnet_dryad_v6wwpzh3w\data.zip,OL-2021-07-20-125749-000036-record.mp4,train,2048,1536,15.0,1290,86.0,top_left_overlay__top_right_fluorescence__bottom_left_reference,0|0|1024|768,1024|0|2048|768,0|768|1024|1536,C:\Users\876762330\Desktop\projects\osteo-vision\research\datasets\public-candidates\d046_fluorescence_osteomyelitis_videos\derived\ofdvdnet\previews\OFDVDNET_016_full.jpg,C:\Users\876762330\Desktop\projects\osteo-vision\research\datasets\public-candidates\d046_fluorescence_osteomyelitis_videos\derived\ofdvdnet\previews\OFDVDNET_016_overlay.jpg,C:\Users\876762330\Desktop\projects\osteo-vision\research\datasets\public-candidates\d046_fluorescence_osteomyelitis_videos\derived\ofdvdnet\previews\OFDVDNET_016_fluorescence.jpg,C:\Users\876762330\Desktop\projects\osteo-vision\research\datasets\public-candidates\d046_fluorescence_osteomyelitis_videos\derived\ofdvdnet\previews\OFDVDNET_016_reference.jpg,https://datadryad.org/dataset/doi:10.5061/dryad.v6wwpzh3w,OFDVDnet mock chicken-thigh FGS proxy; not jaw osteomyelitis or real intraoperative target-domain data.,True,
OFDVDNET_017,D046_OFDVDNET,C:\Users\876762330\Desktop\projects\osteo-vision\research\datasets\public-candidates\d046_fluorescence_osteomyelitis_videos\raw\fluorescence_proxy\ofdvdnet_dryad_v6wwpzh3w\extracted\OL-2021-07-20-125913-000039-record.mp4,C:\Users\876762330\Desktop\projects\osteo-vision\research\datasets\public-candidates\d046_fluorescence_osteomyelitis_videos\raw\fluorescence_proxy\ofdvdnet_dryad_v6wwpzh3w\data.zip,OL-2021-07-20-125913-000039-record.mp4,train,2048,1536,15.0,1462,97.466667,top_left_overlay__top_right_fluorescence__bottom_left_reference,0|0|1024|768,1024|0|2048|768,0|768|1024|1536,C:\Users\876762330\Desktop\projects\osteo-vision\research\datasets\public-candidates\d046_fluorescence_osteomyelitis_videos\derived\ofdvdnet\previews\OFDVDNET_017_full.jpg,C:\Users\876762330\Desktop\projects\osteo-vision\research\datasets\public-candidates\d046_fluorescence_osteomyelitis_videos\derived\ofdvdnet\previews\OFDVDNET_017_overlay.jpg,C:\Users\876762330\Desktop\projects\osteo-vision\research\datasets\public-candidates\d046_fluorescence_osteomyelitis_videos\derived\ofdvdnet\previews\OFDVDNET_017_fluorescence.jpg,C:\Users\876762330\Desktop\projects\osteo-vision\research\datasets\public-candidates\d046_fluorescence_osteomyelitis_videos\derived\ofdvdnet\previews\OFDVDNET_017_reference.jpg,https://datadryad.org/dataset/doi:10.5061/dryad.v6wwpzh3w,OFDVDnet mock chicken-thigh FGS proxy; not jaw osteomyelitis or real intraoperative target-domain data.,True,
OFDVDNET_018,D046_OFDVDNET,C:\Users\876762330\Desktop\projects\osteo-vision\research\datasets\public-candidates\d046_fluorescence_osteomyelitis_videos\raw\fluorescence_proxy\ofdvdnet_dryad_v6wwpzh3w\extracted\OL-2021-07-20-130045-000042-record.mp4,C:\Users\876762330\Desktop\projects\osteo-vision\research\datasets\public-candidates\d046_fluorescence_osteomyelitis_videos\raw\fluorescence_proxy\ofdvdnet_dryad_v6wwpzh3w\data.zip,OL-2021-07-20-130045-000042-record.mp4,train,2048,1536,15.0,1194,79.6,top_left_overlay__top_right_fluorescence__bottom_left_reference,0|0|1024|768,1024|0|2048|768,0|768|1024|1536,C:\Users\876762330\Desktop\projects\osteo-vision\research\datasets\public-candidates\d046_fluorescence_osteomyelitis_videos\derived\ofdvdnet\previews\OFDVDNET_018_full.jpg,C:\Users\876762330\Desktop\projects\osteo-vision\research\datasets\public-candidates\d046_fluorescence_osteomyelitis_videos\derived\ofdvdnet\previews\OFDVDNET_018_overlay.jpg,C:\Users\876762330\Desktop\projects\osteo-vision\research\datasets\public-candidates\d046_fluorescence_osteomyelitis_videos\derived\ofdvdnet\previews\OFDVDNET_018_fluorescence.jpg,C:\Users\876762330\Desktop\projects\osteo-vision\research\datasets\public-candidates\d046_fluorescence_osteomyelitis_videos\derived\ofdvdnet\previews\OFDVDNET_018_reference.jpg,https://datadryad.org/dataset/doi:10.5061/dryad.v6wwpzh3w,OFDVDnet mock chicken-thigh FGS proxy; not jaw osteomyelitis or real intraoperative target-domain data.,True,
OFDVDNET_019,D046_OFDVDNET,C:\Users\876762330\Desktop\projects\osteo-vision\research\datasets\public-candidates\d046_fluorescence_osteomyelitis_videos\raw\fluorescence_proxy\ofdvdnet_dryad_v6wwpzh3w\extracted\OL-2021-07-20-130202-000045-record.mp4,C:\Users\876762330\Desktop\projects\osteo-vision\research\datasets\public-candidates\d046_fluorescence_osteomyelitis_videos\raw\fluorescence_proxy\ofdvdnet_dryad_v6wwpzh3w\data.zip,OL-2021-07-20-130202-000045-record.mp4,train,2048,1536,15.0,708,47.2,top_left_overlay__top_right_fluorescence__bottom_left_reference,0|0|1024|768,1024|0|2048|768,0|768|1024|1536,C:\Users\876762330\Desktop\projects\osteo-vision\research\datasets\public-candidates\d046_fluorescence_osteomyelitis_videos\derived\ofdvdnet\previews\OFDVDNET_019_full.jpg,C:\Users\876762330\Desktop\projects\osteo-vision\research\datasets\public-candidates\d046_fluorescence_osteomyelitis_videos\derived\ofdvdnet\previews\OFDVDNET_019_overlay.jpg,C:\Users\876762330\Desktop\projects\osteo-vision\research\datasets\public-candidates\d046_fluorescence_osteomyelitis_videos\derived\ofdvdnet\previews\OFDVDNET_019_fluorescence.jpg,C:\Users\876762330\Desktop\projects\osteo-vision\research\datasets\public-candidates\d046_fluorescence_osteomyelitis_videos\derived\ofdvdnet\previews\OFDVDNET_019_reference.jpg,https://datadryad.org/dataset/doi:10.5061/dryad.v6wwpzh3w,OFDVDnet mock chicken-thigh FGS proxy; not jaw osteomyelitis or real intraoperative target-domain data.,True,
OFDVDNET_020,D046_OFDVDNET,C:\Users\876762330\Desktop\projects\osteo-vision\research\datasets\public-candidates\d046_fluorescence_osteomyelitis_videos\raw\fluorescence_proxy\ofdvdnet_dryad_v6wwpzh3w\extracted\OL-2021-07-20-130706-000003-record.mp4,C:\Users\876762330\Desktop\projects\osteo-vision\research\datasets\public-candidates\d046_fluorescence_osteomyelitis_videos\raw\fluorescence_proxy\ofdvdnet_dryad_v6wwpzh3w\data.zip,OL-2021-07-20-130706-000003-record.mp4,train,2048,1536,15.0,1249,83.266667,top_left_overlay__top_right_fluorescence__bottom_left_reference,0|0|1024|768,1024|0|2048|768,0|768|1024|1536,C:\Users\876762330\Desktop\projects\osteo-vision\research\datasets\public-candidates\d046_fluorescence_osteomyelitis_videos\derived\ofdvdnet\previews\OFDVDNET_020_full.jpg,C:\Users\876762330\Desktop\projects\osteo-vision\research\datasets\public-candidates\d046_fluorescence_osteomyelitis_videos\derived\ofdvdnet\previews\OFDVDNET_020_overlay.jpg,C:\Users\876762330\Desktop\projects\osteo-vision\research\datasets\public-candidates\d046_fluorescence_osteomyelitis_videos\derived\ofdvdnet\previews\OFDVDNET_020_fluorescence.jpg,C:\Users\876762330\Desktop\projects\osteo-vision\research\datasets\public-candidates\d046_fluorescence_osteomyelitis_videos\derived\ofdvdnet\previews\OFDVDNET_020_reference.jpg,https://datadryad.org/dataset/doi:10.5061/dryad.v6wwpzh3w,OFDVDnet mock chicken-thigh FGS proxy; not jaw osteomyelitis or real intraoperative target-domain data.,True,
OFDVDNET_021,D046_OFDVDNET,C:\Users\876762330\Desktop\projects\osteo-vision\research\datasets\public-candidates\d046_fluorescence_osteomyelitis_videos\raw\fluorescence_proxy\ofdvdnet_dryad_v6wwpzh3w\extracted\OL-2021-07-20-130832-000006-record.mp4,C:\Users\876762330\Desktop\projects\osteo-vision\research\datasets\public-candidates\d046_fluorescence_osteomyelitis_videos\raw\fluorescence_proxy\ofdvdnet_dryad_v6wwpzh3w\data.zip,OL-2021-07-20-130832-000006-record.mp4,train,2048,1536,15.0,1282,85.466667,top_left_overlay__top_right_fluorescence__bottom_left_reference,0|0|1024|768,1024|0|2048|768,0|768|1024|1536,C:\Users\876762330\Desktop\projects\osteo-vision\research\datasets\public-candidates\d046_fluorescence_osteomyelitis_videos\derived\ofdvdnet\previews\OFDVDNET_021_full.jpg,C:\Users\876762330\Desktop\projects\osteo-vision\research\datasets\public-candidates\d046_fluorescence_osteomyelitis_videos\derived\ofdvdnet\previews\OFDVDNET_021_overlay.jpg,C:\Users\876762330\Desktop\projects\osteo-vision\research\datasets\public-candidates\d046_fluorescence_osteomyelitis_videos\derived\ofdvdnet\previews\OFDVDNET_021_fluorescence.jpg,C:\Users\876762330\Desktop\projects\osteo-vision\research\datasets\public-candidates\d046_fluorescence_osteomyelitis_videos\derived\ofdvdnet\previews\OFDVDNET_021_reference.jpg,https://datadryad.org/dataset/doi:10.5061/dryad.v6wwpzh3w,OFDVDnet mock chicken-thigh FGS proxy; not jaw osteomyelitis or real intraoperative target-domain data.,True,
OFDVDNET_022,D046_OFDVDNET,C:\Users\876762330\Desktop\projects\osteo-vision\research\datasets\public-candidates\d046_fluorescence_osteomyelitis_videos\raw\fluorescence_proxy\ofdvdnet_dryad_v6wwpzh3w\extracted\OL-2021-07-20-131024-000009-record.mp4,C:\Users\876762330\Desktop\projects\osteo-vision\research\datasets\public-candidates\d046_fluorescence_osteomyelitis_videos\raw\fluorescence_proxy\ofdvdnet_dryad_v6wwpzh3w\data.zip,OL-2021-07-20-131024-000009-record.mp4,train,2048,1536,15.0,456,30.4,top_left_overlay__top_right_fluorescence__bottom_left_reference,0|0|1024|768,1024|0|2048|768,0|768|1024|1536,C:\Users\876762330\Desktop\projects\osteo-vision\research\datasets\public-candidates\d046_fluorescence_osteomyelitis_videos\derived\ofdvdnet\previews\OFDVDNET_022_full.jpg,C:\Users\876762330\Desktop\projects\osteo-vision\research\datasets\public-candidates\d046_fluorescence_osteomyelitis_videos\derived\ofdvdnet\previews\OFDVDNET_022_overlay.jpg,C:\Users\876762330\Desktop\projects\osteo-vision\research\datasets\public-candidates\d046_fluorescence_osteomyelitis_videos\derived\ofdvdnet\previews\OFDVDNET_022_fluorescence.jpg,C:\Users\876762330\Desktop\projects\osteo-vision\research\datasets\public-candidates\d046_fluorescence_osteomyelitis_videos\derived\ofdvdnet\previews\OFDVDNET_022_reference.jpg,https://datadryad.org/dataset/doi:10.5061/dryad.v6wwpzh3w,OFDVDnet mock chicken-thigh FGS proxy; not jaw osteomyelitis or real intraoperative target-domain data.,True,
OFDVDNET_023,D046_OFDVDNET,C:\Users\876762330\Desktop\projects\osteo-vision\research\datasets\public-candidates\d046_fluorescence_osteomyelitis_videos\raw\fluorescence_proxy\ofdvdnet_dryad_v6wwpzh3w\extracted\OL-2021-07-20-131158-000014-record.mp4,C:\Users\876762330\Desktop\projects\osteo-vision\research\datasets\public-candidates\d046_fluorescence_osteomyelitis_videos\raw\fluorescence_proxy\ofdvdnet_dryad_v6wwpzh3w\data.zip,OL-2021-07-20-131158-000014-record.mp4,train,2048,1536,15.0,2558,170.533333,top_left_overlay__top_right_fluorescence__bottom_left_reference,0|0|1024|768,1024|0|2048|768,0|768|1024|1536,C:\Users\876762330\Desktop\projects\osteo-vision\research\datasets\public-candidates\d046_fluorescence_osteomyelitis_videos\derived\ofdvdnet\previews\OFDVDNET_023_full.jpg,C:\Users\876762330\Desktop\projects\osteo-vision\research\datasets\public-candidates\d046_fluorescence_osteomyelitis_videos\derived\ofdvdnet\previews\OFDVDNET_023_overlay.jpg,C:\Users\876762330\Desktop\projects\osteo-vision\research\datasets\public-candidates\d046_fluorescence_osteomyelitis_videos\derived\ofdvdnet\previews\OFDVDNET_023_fluorescence.jpg,C:\Users\876762330\Desktop\projects\osteo-vision\research\datasets\public-candidates\d046_fluorescence_osteomyelitis_videos\derived\ofdvdnet\previews\OFDVDNET_023_reference.jpg,https://datadryad.org/dataset/doi:10.5061/dryad.v6wwpzh3w,OFDVDnet mock chicken-thigh FGS proxy; not jaw osteomyelitis or real intraoperative target-domain data.,True,
OFDVDNET_024,D046_OFDVDNET,C:\Users\876762330\Desktop\projects\osteo-vision\research\datasets\public-candidates\d046_fluorescence_osteomyelitis_videos\raw\fluorescence_proxy\ofdvdnet_dryad_v6wwpzh3w\extracted\OL-2021-07-20-131441-000017-record.mp4,C:\Users\876762330\Desktop\projects\osteo-vision\research\datasets\public-candidates\d046_fluorescence_osteomyelitis_videos\raw\fluorescence_proxy\ofdvdnet_dryad_v6wwpzh3w\data.zip,OL-2021-07-20-131441-000017-record.mp4,train,2048,1536,15.0,1445,96.333333,top_left_overlay__top_right_fluorescence__bottom_left_reference,0|0|1024|768,1024|0|2048|768,0|768|1024|1536,C:\Users\876762330\Desktop\projects\osteo-vision\research\datasets\public-candidates\d046_fluorescence_osteomyelitis_videos\derived\ofdvdnet\previews\OFDVDNET_024_full.jpg,C:\Users\876762330\Desktop\projects\osteo-vision\research\datasets\public-candidates\d046_fluorescence_osteomyelitis_videos\derived\ofdvdnet\previews\OFDVDNET_024_overlay.jpg,C:\Users\876762330\Desktop\projects\osteo-vision\research\datasets\public-candidates\d046_fluorescence_osteomyelitis_videos\derived\ofdvdnet\previews\OFDVDNET_024_fluorescence.jpg,C:\Users\876762330\Desktop\projects\osteo-vision\research\datasets\public-candidates\d046_fluorescence_osteomyelitis_videos\derived\ofdvdnet\previews\OFDVDNET_024_reference.jpg,https://datadryad.org/dataset/doi:10.5061/dryad.v6wwpzh3w,OFDVDnet mock chicken-thigh FGS proxy; not jaw osteomyelitis or real intraoperative target-domain data.,True,
OFDVDNET_025,D046_OFDVDNET,C:\Users\876762330\Desktop\projects\osteo-vision\research\datasets\public-candidates\d046_fluorescence_osteomyelitis_videos\raw\fluorescence_proxy\ofdvdnet_dryad_v6wwpzh3w\extracted\OL-2021-07-20-131630-000020-record.mp4,C:\Users\876762330\Desktop\projects\osteo-vision\research\datasets\public-candidates\d046_fluorescence_osteomyelitis_videos\raw\fluorescence_proxy\ofdvdnet_dryad_v6wwpzh3w\data.zip,OL-2021-07-20-131630-000020-record.mp4,train,2048,1536,15.0,1760,117.333333,top_left_overlay__top_right_fluorescence__bottom_left_reference,0|0|1024|768,1024|0|2048|768,0|768|1024|1536,C:\Users\876762330\Desktop\projects\osteo-vision\research\datasets\public-candidates\d046_fluorescence_osteomyelitis_videos\derived\ofdvdnet\previews\OFDVDNET_025_full.jpg,C:\Users\876762330\Desktop\projects\osteo-vision\research\datasets\public-candidates\d046_fluorescence_osteomyelitis_videos\derived\ofdvdnet\previews\OFDVDNET_025_overlay.jpg,C:\Users\876762330\Desktop\projects\osteo-vision\research\datasets\public-candidates\d046_fluorescence_osteomyelitis_videos\derived\ofdvdnet\previews\OFDVDNET_025_fluorescence.jpg,C:\Users\876762330\Desktop\projects\osteo-vision\research\datasets\public-candidates\d046_fluorescence_osteomyelitis_videos\derived\ofdvdnet\previews\OFDVDNET_025_reference.jpg,https://datadryad.org/dataset/doi:10.5061/dryad.v6wwpzh3w,OFDVDnet mock chicken-thigh FGS proxy; not jaw osteomyelitis or real intraoperative target-domain data.,True,
OFDVDNET_026,D046_OFDVDNET,C:\Users\876762330\Desktop\projects\osteo-vision\research\datasets\public-candidates\d046_fluorescence_osteomyelitis_videos\raw\fluorescence_proxy\ofdvdnet_dryad_v6wwpzh3w\extracted\OL-2021-07-20-131821-000023-record.mp4,C:\Users\876762330\Desktop\projects\osteo-vision\research\datasets\public-candidates\d046_fluorescence_osteomyelitis_videos\raw\fluorescence_proxy\ofdvdnet_dryad_v6wwpzh3w\data.zip,OL-2021-07-20-131821-000023-record.mp4,train,2048,1536,15.0,1281,85.4,top_left_overlay__top_right_fluorescence__bottom_left_reference,0|0|1024|768,1024|0|2048|768,0|768|1024|1536,C:\Users\876762330\Desktop\projects\osteo-vision\research\datasets\public-candidates\d046_fluorescence_osteomyelitis_videos\derived\ofdvdnet\previews\OFDVDNET_026_full.jpg,C:\Users\876762330\Desktop\projects\osteo-vision\research\datasets\public-candidates\d046_fluorescence_osteomyelitis_videos\derived\ofdvdnet\previews\OFDVDNET_026_overlay.jpg,C:\Users\876762330\Desktop\projects\osteo-vision\research\datasets\public-candidates\d046_fluorescence_osteomyelitis_videos\derived\ofdvdnet\previews\OFDVDNET_026_fluorescence.jpg,C:\Users\876762330\Desktop\projects\osteo-vision\research\datasets\public-candidates\d046_fluorescence_osteomyelitis_videos\derived\ofdvdnet\previews\OFDVDNET_026_reference.jpg,https://datadryad.org/dataset/doi:10.5061/dryad.v6wwpzh3w,OFDVDnet mock chicken-thigh FGS proxy; not jaw osteomyelitis or real intraoperative target-domain data.,True,
OFDVDNET_027,D046_OFDVDNET,C:\Users\876762330\Desktop\projects\osteo-vision\research\datasets\public-candidates\d046_fluorescence_osteomyelitis_videos\raw\fluorescence_proxy\ofdvdnet_dryad_v6wwpzh3w\extracted\OL-2021-07-20-131944-000026-record.mp4,C:\Users\876762330\Desktop\projects\osteo-vision\research\datasets\public-candidates\d046_fluorescence_osteomyelitis_videos\raw\fluorescence_proxy\ofdvdnet_dryad_v6wwpzh3w\data.zip,OL-2021-07-20-131944-000026-record.mp4,train,2048,1536,15.0,1459,97.266667,top_left_overlay__top_right_fluorescence__bottom_left_reference,0|0|1024|768,1024|0|2048|768,0|768|1024|1536,C:\Users\876762330\Desktop\projects\osteo-vision\research\datasets\public-candidates\d046_fluorescence_osteomyelitis_videos\derived\ofdvdnet\previews\OFDVDNET_027_full.jpg,C:\Users\876762330\Desktop\projects\osteo-vision\research\datasets\public-candidates\d046_fluorescence_osteomyelitis_videos\derived\ofdvdnet\previews\OFDVDNET_027_overlay.jpg,C:\Users\876762330\Desktop\projects\osteo-vision\research\datasets\public-candidates\d046_fluorescence_osteomyelitis_videos\derived\ofdvdnet\previews\OFDVDNET_027_fluorescence.jpg,C:\Users\876762330\Desktop\projects\osteo-vision\research\datasets\public-candidates\d046_fluorescence_osteomyelitis_videos\derived\ofdvdnet\previews\OFDVDNET_027_reference.jpg,https://datadryad.org/dataset/doi:10.5061/dryad.v6wwpzh3w,OFDVDnet mock chicken-thigh FGS proxy; not jaw osteomyelitis or real intraoperative target-domain data.,True,
OFDVDNET_028,D046_OFDVDNET,C:\Users\876762330\Desktop\projects\osteo-vision\research\datasets\public-candidates\d046_fluorescence_osteomyelitis_videos\raw\fluorescence_proxy\ofdvdnet_dryad_v6wwpzh3w\extracted\OL-2021-07-20-132119-000029-record.mp4,C:\Users\876762330\Desktop\projects\osteo-vision\research\datasets\public-candidates\d046_fluorescence_osteomyelitis_videos\raw\fluorescence_proxy\ofdvdnet_dryad_v6wwpzh3w\data.zip,OL-2021-07-20-132119-000029-record.mp4,train,2048,1536,15.0,1131,75.4,top_left_overlay__top_right_fluorescence__bottom_left_reference,0|0|1024|768,1024|0|2048|768,0|768|1024|1536,C:\Users\876762330\Desktop\projects\osteo-vision\research\datasets\public-candidates\d046_fluorescence_osteomyelitis_videos\derived\ofdvdnet\previews\OFDVDNET_028_full.jpg,C:\Users\876762330\Desktop\projects\osteo-vision\research\datasets\public-candidates\d046_fluorescence_osteomyelitis_videos\derived\ofdvdnet\previews\OFDVDNET_028_overlay.jpg,C:\Users\876762330\Desktop\projects\osteo-vision\research\datasets\public-candidates\d046_fluorescence_osteomyelitis_videos\derived\ofdvdnet\previews\OFDVDNET_028_fluorescence.jpg,C:\Users\876762330\Desktop\projects\osteo-vision\research\datasets\public-candidates\d046_fluorescence_osteomyelitis_videos\derived\ofdvdnet\previews\OFDVDNET_028_reference.jpg,https://datadryad.org/dataset/doi:10.5061/dryad.v6wwpzh3w,OFDVDnet mock chicken-thigh FGS proxy; not jaw osteomyelitis or real intraoperative target-domain data.,True,
OFDVDNET_029,D046_OFDVDNET,C:\Users\876762330\Desktop\projects\osteo-vision\research\datasets\public-candidates\d046_fluorescence_osteomyelitis_videos\raw\fluorescence_proxy\ofdvdnet_dryad_v6wwpzh3w\extracted\OL-2021-07-20-132231-000032-record.mp4,C:\Users\876762330\Desktop\projects\osteo-vision\research\datasets\public-candidates\d046_fluorescence_osteomyelitis_videos\raw\fluorescence_proxy\ofdvdnet_dryad_v6wwpzh3w\data.zip,OL-2021-07-20-132231-000032-record.mp4,train,2048,1536,15.0,1894,126.266667,top_left_overlay__top_right_fluorescence__bottom_left_reference,0|0|1024|768,1024|0|2048|768,0|768|1024|1536,C:\Users\876762330\Desktop\projects\osteo-vision\research\datasets\public-candidates\d046_fluorescence_osteomyelitis_videos\derived\ofdvdnet\previews\OFDVDNET_029_full.jpg,C:\Users\876762330\Desktop\projects\osteo-vision\research\datasets\public-candidates\d046_fluorescence_osteomyelitis_videos\derived\ofdvdnet\previews\OFDVDNET_029_overlay.jpg,C:\Users\876762330\Desktop\projects\osteo-vision\research\datasets\public-candidates\d046_fluorescence_osteomyelitis_videos\derived\ofdvdnet\previews\OFDVDNET_029_fluorescence.jpg,C:\Users\876762330\Desktop\projects\osteo-vision\research\datasets\public-candidates\d046_fluorescence_osteomyelitis_videos\derived\ofdvdnet\previews\OFDVDNET_029_reference.jpg,https://datadryad.org/dataset/doi:10.5061/dryad.v6wwpzh3w,OFDVDnet mock chicken-thigh FGS proxy; not jaw osteomyelitis or real intraoperative target-domain data.,True,
OFDVDNET_030,D046_OFDVDNET,C:\Users\876762330\Desktop\projects\osteo-vision\research\datasets\public-candidates\d046_fluorescence_osteomyelitis_videos\raw\fluorescence_proxy\ofdvdnet_dryad_v6wwpzh3w\extracted\OL-2021-07-20-132432-000035-record.mp4,C:\Users\876762330\Desktop\projects\osteo-vision\research\datasets\public-candidates\d046_fluorescence_osteomyelitis_videos\raw\fluorescence_proxy\ofdvdnet_dryad_v6wwpzh3w\data.zip,OL-2021-07-20-132432-000035-record.mp4,train,2048,1536,15.0,1088,72.533333,top_left_overlay__top_right_fluorescence__bottom_left_reference,0|0|1024|768,1024|0|2048|768,0|768|1024|1536,C:\Users\876762330\Desktop\projects\osteo-vision\research\datasets\public-candidates\d046_fluorescence_osteomyelitis_videos\derived\ofdvdnet\previews\OFDVDNET_030_full.jpg,C:\Users\876762330\Desktop\projects\osteo-vision\research\datasets\public-candidates\d046_fluorescence_osteomyelitis_videos\derived\ofdvdnet\previews\OFDVDNET_030_overlay.jpg,C:\Users\876762330\Desktop\projects\osteo-vision\research\datasets\public-candidates\d046_fluorescence_osteomyelitis_videos\derived\ofdvdnet\previews\OFDVDNET_030_fluorescence.jpg,C:\Users\876762330\Desktop\projects\osteo-vision\research\datasets\public-candidates\d046_fluorescence_osteomyelitis_videos\derived\ofdvdnet\previews\OFDVDNET_030_reference.jpg,https://datadryad.org/dataset/doi:10.5061/dryad.v6wwpzh3w,OFDVDnet mock chicken-thigh FGS proxy; not jaw osteomyelitis or real intraoperative target-domain data.,True,
OFDVDNET_031,D046_OFDVDNET,C:\Users\876762330\Desktop\projects\osteo-vision\research\datasets\public-candidates\d046_fluorescence_osteomyelitis_videos\raw\fluorescence_proxy\ofdvdnet_dryad_v6wwpzh3w\extracted\OL-2021-07-20-132542-000038-record.mp4,C:\Users\876762330\Desktop\projects\osteo-vision\research\datasets\public-candidates\d046_fluorescence_osteomyelitis_videos\raw\fluorescence_proxy\ofdvdnet_dryad_v6wwpzh3w\data.zip,OL-2021-07-20-132542-000038-record.mp4,train,0,0,0.0,0,,top_left_overlay__top_right_fluorescence__bottom_left_reference,0|0|0|0,0|0|0|0,0|0|0|0,,,,,https://datadryad.org/dataset/doi:10.5061/dryad.v6wwpzh3w,OFDVDnet mock chicken-thigh FGS proxy; not jaw osteomyelitis or real intraoperative target-domain data.,False,Could not open video: C:\Users\876762330\Desktop\projects\osteo-vision\research\datasets\public-candidates\d046_fluorescence_osteomyelitis_videos\raw\fluorescence_proxy\ofdvdnet_dryad_v6wwpzh3w\extracted\OL-2021-07-20-132542-000038-record.mp4
OFDVDNET_032,D046_OFDVDNET,C:\Users\876762330\Desktop\projects\osteo-vision\research\datasets\public-candidates\d046_fluorescence_osteomyelitis_videos\raw\fluorescence_proxy\ofdvdnet_dryad_v6wwpzh3w\extracted\OL-2021-07-20-132704-000041-record.mp4,C:\Users\876762330\Desktop\projects\osteo-vision\research\datasets\public-candidates\d046_fluorescence_osteomyelitis_videos\raw\fluorescence_proxy\ofdvdnet_dryad_v6wwpzh3w\data.zip,OL-2021-07-20-132704-000041-record.mp4,train,2048,1536,15.0,1133,75.533333,top_left_overlay__top_right_fluorescence__bottom_left_reference,0|0|1024|768,1024|0|2048|768,0|768|1024|1536,C:\Users\876762330\Desktop\projects\osteo-vision\research\datasets\public-candidates\d046_fluorescence_osteomyelitis_videos\derived\ofdvdnet\previews\OFDVDNET_032_full.jpg,C:\Users\876762330\Desktop\projects\osteo-vision\research\datasets\public-candidates\d046_fluorescence_osteomyelitis_videos\derived\ofdvdnet\previews\OFDVDNET_032_overlay.jpg,C:\Users\876762330\Desktop\projects\osteo-vision\research\datasets\public-candidates\d046_fluorescence_osteomyelitis_videos\derived\ofdvdnet\previews\OFDVDNET_032_fluorescence.jpg,C:\Users\876762330\Desktop\projects\osteo-vision\research\datasets\public-candidates\d046_fluorescence_osteomyelitis_videos\derived\ofdvdnet\previews\OFDVDNET_032_reference.jpg,https://datadryad.org/dataset/doi:10.5061/dryad.v6wwpzh3w,OFDVDnet mock chicken-thigh FGS proxy; not jaw osteomyelitis or real intraoperative target-domain data.,True,
OFDVDNET_033,D046_OFDVDNET,C:\Users\876762330\Desktop\projects\osteo-vision\research\datasets\public-candidates\d046_fluorescence_osteomyelitis_videos\raw\fluorescence_proxy\ofdvdnet_dryad_v6wwpzh3w\extracted\OL-2021-07-20-132817-000044-record.mp4,C:\Users\876762330\Desktop\projects\osteo-vision\research\datasets\public-candidates\d046_fluorescence_osteomyelitis_videos\raw\fluorescence_proxy\ofdvdnet_dryad_v6wwpzh3w\data.zip,OL-2021-07-20-132817-000044-record.mp4,train,2048,1536,15.0,965,64.333333,top_left_overlay__top_right_fluorescence__bottom_left_reference,0|0|1024|768,1024|0|2048|768,0|768|1024|1536,C:\Users\876762330\Desktop\projects\osteo-vision\research\datasets\public-candidates\d046_fluorescence_osteomyelitis_videos\derived\ofdvdnet\previews\OFDVDNET_033_full.jpg,C:\Users\876762330\Desktop\projects\osteo-vision\research\datasets\public-candidates\d046_fluorescence_osteomyelitis_videos\derived\ofdvdnet\previews\OFDVDNET_033_overlay.jpg,C:\Users\876762330\Desktop\projects\osteo-vision\research\datasets\public-candidates\d046_fluorescence_osteomyelitis_videos\derived\ofdvdnet\previews\OFDVDNET_033_fluorescence.jpg,C:\Users\876762330\Desktop\projects\osteo-vision\research\datasets\public-candidates\d046_fluorescence_osteomyelitis_videos\derived\ofdvdnet\previews\OFDVDNET_033_reference.jpg,https://datadryad.org/dataset/doi:10.5061/dryad.v6wwpzh3w,OFDVDnet mock chicken-thigh FGS proxy; not jaw osteomyelitis or real intraoperative target-domain data.,True,
OFDVDNET_034,D046_OFDVDNET,C:\Users\876762330\Desktop\projects\osteo-vision\research\datasets\public-candidates\d046_fluorescence_osteomyelitis_videos\raw\fluorescence_proxy\ofdvdnet_dryad_v6wwpzh3w\extracted\OL-2021-07-20-132923-000047-record.mp4,C:\Users\876762330\Desktop\projects\osteo-vision\research\datasets\public-candidates\d046_fluorescence_osteomyelitis_videos\raw\fluorescence_proxy\ofdvdnet_dryad_v6wwpzh3w\data.zip,OL-2021-07-20-132923-000047-record.mp4,train,2048,1536,15.0,1351,90.066667,top_left_overlay__top_right_fluorescence__bottom_left_reference,0|0|1024|768,1024|0|2048|768,0|768|1024|1536,C:\Users\876762330\Desktop\projects\osteo-vision\research\datasets\public-candidates\d046_fluorescence_osteomyelitis_videos\derived\ofdvdnet\previews\OFDVDNET_034_full.jpg,C:\Users\876762330\Desktop\projects\osteo-vision\research\datasets\public-candidates\d046_fluorescence_osteomyelitis_videos\derived\ofdvdnet\previews\OFDVDNET_034_overlay.jpg,C:\Users\876762330\Desktop\projects\osteo-vision\research\datasets\public-candidates\d046_fluorescence_osteomyelitis_videos\derived\ofdvdnet\previews\OFDVDNET_034_fluorescence.jpg,C:\Users\876762330\Desktop\projects\osteo-vision\research\datasets\public-candidates\d046_fluorescence_osteomyelitis_videos\derived\ofdvdnet\previews\OFDVDNET_034_reference.jpg,https://datadryad.org/dataset/doi:10.5061/dryad.v6wwpzh3w,OFDVDnet mock chicken-thigh FGS proxy; not jaw osteomyelitis or real intraoperative target-domain data.,True,
OFDVDNET_035,D046_OFDVDNET,C:\Users\876762330\Desktop\projects\osteo-vision\research\datasets\public-candidates\d046_fluorescence_osteomyelitis_videos\raw\fluorescence_proxy\ofdvdnet_dryad_v6wwpzh3w\extracted\OL-2021-07-20-133049-000050-record.mp4,C:\Users\876762330\Desktop\projects\osteo-vision\research\datasets\public-candidates\d046_fluorescence_osteomyelitis_videos\raw\fluorescence_proxy\ofdvdnet_dryad_v6wwpzh3w\data.zip,OL-2021-07-20-133049-000050-record.mp4,train,2048,1536,15.0,1250,83.333333,top_left_overlay__top_right_fluorescence__bottom_left_reference,0|0|1024|768,1024|0|2048|768,0|768|1024|1536,C:\Users\876762330\Desktop\projects\osteo-vision\research\datasets\public-candidates\d046_fluorescence_osteomyelitis_videos\derived\ofdvdnet\previews\OFDVDNET_035_full.jpg,C:\Users\876762330\Desktop\projects\osteo-vision\research\datasets\public-candidates\d046_fluorescence_osteomyelitis_videos\derived\ofdvdnet\previews\OFDVDNET_035_overlay.jpg,C:\Users\876762330\Desktop\projects\osteo-vision\research\datasets\public-candidates\d046_fluorescence_osteomyelitis_videos\derived\ofdvdnet\previews\OFDVDNET_035_fluorescence.jpg,C:\Users\876762330\Desktop\projects\osteo-vision\research\datasets\public-candidates\d046_fluorescence_osteomyelitis_videos\derived\ofdvdnet\previews\OFDVDNET_035_reference.jpg,https://datadryad.org/dataset/doi:10.5061/dryad.v6wwpzh3w,OFDVDnet mock chicken-thigh FGS proxy; not jaw osteomyelitis or real intraoperative target-domain data.,True,
OFDVDNET_036,D046_OFDVDNET,C:\Users\876762330\Desktop\projects\osteo-vision\research\datasets\public-candidates\d046_fluorescence_osteomyelitis_videos\raw\fluorescence_proxy\ofdvdnet_dryad_v6wwpzh3w\extracted\OL-2021-07-20-133219-000051-record.mp4,C:\Users\876762330\Desktop\projects\osteo-vision\research\datasets\public-candidates\d046_fluorescence_osteomyelitis_videos\raw\fluorescence_proxy\ofdvdnet_dryad_v6wwpzh3w\data.zip,OL-2021-07-20-133219-000051-record.mp4,train,2048,1536,15.0,1500,100.0,top_left_overlay__top_right_fluorescence__bottom_left_reference,0|0|1024|768,1024|0|2048|768,0|768|1024|1536,C:\Users\876762330\Desktop\projects\osteo-vision\research\datasets\public-candidates\d046_fluorescence_osteomyelitis_videos\derived\ofdvdnet\previews\OFDVDNET_036_full.jpg,C:\Users\876762330\Desktop\projects\osteo-vision\research\datasets\public-candidates\d046_fluorescence_osteomyelitis_videos\derived\ofdvdnet\previews\OFDVDNET_036_overlay.jpg,C:\Users\876762330\Desktop\projects\osteo-vision\research\datasets\public-candidates\d046_fluorescence_osteomyelitis_videos\derived\ofdvdnet\previews\OFDVDNET_036_fluorescence.jpg,C:\Users\876762330\Desktop\projects\osteo-vision\research\datasets\public-candidates\d046_fluorescence_osteomyelitis_videos\derived\ofdvdnet\previews\OFDVDNET_036_reference.jpg,https://datadryad.org/dataset/doi:10.5061/dryad.v6wwpzh3w,OFDVDnet mock chicken-thigh FGS proxy; not jaw osteomyelitis or real intraoperative target-domain data.,True,
OFDVDNET_037,D046_OFDVDNET,C:\Users\876762330\Desktop\projects\osteo-vision\research\datasets\public-candidates\d046_fluorescence_osteomyelitis_videos\raw\fluorescence_proxy\ofdvdnet_dryad_v6wwpzh3w\extracted\OL-2021-07-20-133354-000054-record.mp4,C:\Users\876762330\Desktop\projects\osteo-vision\research\datasets\public-candidates\d046_fluorescence_osteomyelitis_videos\raw\fluorescence_proxy\ofdvdnet_dryad_v6wwpzh3w\data.zip,OL-2021-07-20-133354-000054-record.mp4,train,2048,1536,15.0,793,52.866667,top_left_overlay__top_right_fluorescence__bottom_left_reference,0|0|1024|768,1024|0|2048|768,0|768|1024|1536,C:\Users\876762330\Desktop\projects\osteo-vision\research\datasets\public-candidates\d046_fluorescence_osteomyelitis_videos\derived\ofdvdnet\previews\OFDVDNET_037_full.jpg,C:\Users\876762330\Desktop\projects\osteo-vision\research\datasets\public-candidates\d046_fluorescence_osteomyelitis_videos\derived\ofdvdnet\previews\OFDVDNET_037_overlay.jpg,C:\Users\876762330\Desktop\projects\osteo-vision\research\datasets\public-candidates\d046_fluorescence_osteomyelitis_videos\derived\ofdvdnet\previews\OFDVDNET_037_fluorescence.jpg,C:\Users\876762330\Desktop\projects\osteo-vision\research\datasets\public-candidates\d046_fluorescence_osteomyelitis_videos\derived\ofdvdnet\previews\OFDVDNET_037_reference.jpg,https://datadryad.org/dataset/doi:10.5061/dryad.v6wwpzh3w,OFDVDnet mock chicken-thigh FGS proxy; not jaw osteomyelitis or real intraoperative target-domain data.,True,
OFDVDNET_038,D046_OFDVDNET,C:\Users\876762330\Desktop\projects\osteo-vision\research\datasets\public-candidates\d046_fluorescence_osteomyelitis_videos\raw\fluorescence_proxy\ofdvdnet_dryad_v6wwpzh3w\extracted\OL-2021-07-20-133844-000003-record.mp4,C:\Users\876762330\Desktop\projects\osteo-vision\research\datasets\public-candidates\d046_fluorescence_osteomyelitis_videos\raw\fluorescence_proxy\ofdvdnet_dryad_v6wwpzh3w\data.zip,OL-2021-07-20-133844-000003-record.mp4,train,2048,1536,15.0,1219,81.266667,top_left_overlay__top_right_fluorescence__bottom_left_reference,0|0|1024|768,1024|0|2048|768,0|768|1024|1536,C:\Users\876762330\Desktop\projects\osteo-vision\research\datasets\public-candidates\d046_fluorescence_osteomyelitis_videos\derived\ofdvdnet\previews\OFDVDNET_038_full.jpg,C:\Users\876762330\Desktop\projects\osteo-vision\research\datasets\public-candidates\d046_fluorescence_osteomyelitis_videos\derived\ofdvdnet\previews\OFDVDNET_038_overlay.jpg,C:\Users\876762330\Desktop\projects\osteo-vision\research\datasets\public-candidates\d046_fluorescence_osteomyelitis_videos\derived\ofdvdnet\previews\OFDVDNET_038_fluorescence.jpg,C:\Users\876762330\Desktop\projects\osteo-vision\research\datasets\public-candidates\d046_fluorescence_osteomyelitis_videos\derived\ofdvdnet\previews\OFDVDNET_038_reference.jpg,https://datadryad.org/dataset/doi:10.5061/dryad.v6wwpzh3w,OFDVDnet mock chicken-thigh FGS proxy; not jaw osteomyelitis or real intraoperative target-domain data.,True,
OFDVDNET_039,D046_OFDVDNET,C:\Users\876762330\Desktop\projects\osteo-vision\research\datasets\public-candidates\d046_fluorescence_osteomyelitis_videos\raw\fluorescence_proxy\ofdvdnet_dryad_v6wwpzh3w\extracted\OL-2021-07-20-134001-000006-record.mp4,C:\Users\876762330\Desktop\projects\osteo-vision\research\datasets\public-candidates\d046_fluorescence_osteomyelitis_videos\raw\fluorescence_proxy\ofdvdnet_dryad_v6wwpzh3w\data.zip,OL-2021-07-20-134001-000006-record.mp4,train,2048,1536,15.0,1535,102.333333,top_left_overlay__top_right_fluorescence__bottom_left_reference,0|0|1024|768,1024|0|2048|768,0|768|1024|1536,C:\Users\876762330\Desktop\projects\osteo-vision\research\datasets\public-candidates\d046_fluorescence_osteomyelitis_videos\derived\ofdvdnet\previews\OFDVDNET_039_full.jpg,C:\Users\876762330\Desktop\projects\osteo-vision\research\datasets\public-candidates\d046_fluorescence_osteomyelitis_videos\derived\ofdvdnet\previews\OFDVDNET_039_overlay.jpg,C:\Users\876762330\Desktop\projects\osteo-vision\research\datasets\public-candidates\d046_fluorescence_osteomyelitis_videos\derived\ofdvdnet\previews\OFDVDNET_039_fluorescence.jpg,C:\Users\876762330\Desktop\projects\osteo-vision\research\datasets\public-candidates\d046_fluorescence_osteomyelitis_videos\derived\ofdvdnet\previews\OFDVDNET_039_reference.jpg,https://datadryad.org/dataset/doi:10.5061/dryad.v6wwpzh3w,OFDVDnet mock chicken-thigh FGS proxy; not jaw osteomyelitis or real intraoperative target-domain data.,True,
OFDVDNET_040,D046_OFDVDNET,C:\Users\876762330\Desktop\projects\osteo-vision\research\datasets\public-candidates\d046_fluorescence_osteomyelitis_videos\raw\fluorescence_proxy\ofdvdnet_dryad_v6wwpzh3w\extracted\OL-2021-07-20-134139-000008-record.mp4,C:\Users\876762330\Desktop\projects\osteo-vision\research\datasets\public-candidates\d046_fluorescence_osteomyelitis_videos\raw\fluorescence_proxy\ofdvdnet_dryad_v6wwpzh3w\data.zip,OL-2021-07-20-134139-000008-record.mp4,train,2048,1536,15.0,1165,77.666667,top_left_overlay__top_right_fluorescence__bottom_left_reference,0|0|1024|768,1024|0|2048|768,0|768|1024|1536,C:\Users\876762330\Desktop\projects\osteo-vision\research\datasets\public-candidates\d046_fluorescence_osteomyelitis_videos\derived\ofdvdnet\previews\OFDVDNET_040_full.jpg,C:\Users\876762330\Desktop\projects\osteo-vision\research\datasets\public-candidates\d046_fluorescence_osteomyelitis_videos\derived\ofdvdnet\previews\OFDVDNET_040_overlay.jpg,C:\Users\876762330\Desktop\projects\osteo-vision\research\datasets\public-candidates\d046_fluorescence_osteomyelitis_videos\derived\ofdvdnet\previews\OFDVDNET_040_fluorescence.jpg,C:\Users\876762330\Desktop\projects\osteo-vision\research\datasets\public-candidates\d046_fluorescence_osteomyelitis_videos\derived\ofdvdnet\previews\OFDVDNET_040_reference.jpg,https://datadryad.org/dataset/doi:10.5061/dryad.v6wwpzh3w,OFDVDnet mock chicken-thigh FGS proxy; not jaw osteomyelitis or real intraoperative target-domain data.,True,
OFDVDNET_041,D046_OFDVDNET,C:\Users\876762330\Desktop\projects\osteo-vision\research\datasets\public-candidates\d046_fluorescence_osteomyelitis_videos\raw\fluorescence_proxy\ofdvdnet_dryad_v6wwpzh3w\extracted\OL-2021-07-20-134436-000013-record.mp4,C:\Users\876762330\Desktop\projects\osteo-vision\research\datasets\public-candidates\d046_fluorescence_osteomyelitis_videos\raw\fluorescence_proxy\ofdvdnet_dryad_v6wwpzh3w\data.zip,OL-2021-07-20-134436-000013-record.mp4,val,2048,1536,15.0,1140,76.0,top_left_overlay__top_right_fluorescence__bottom_left_reference,0|0|1024|768,1024|0|2048|768,0|768|1024|1536,C:\Users\876762330\Desktop\projects\osteo-vision\research\datasets\public-candidates\d046_fluorescence_osteomyelitis_videos\derived\ofdvdnet\previews\OFDVDNET_041_full.jpg,C:\Users\876762330\Desktop\projects\osteo-vision\research\datasets\public-candidates\d046_fluorescence_osteomyelitis_videos\derived\ofdvdnet\previews\OFDVDNET_041_overlay.jpg,C:\Users\876762330\Desktop\projects\osteo-vision\research\datasets\public-candidates\d046_fluorescence_osteomyelitis_videos\derived\ofdvdnet\previews\OFDVDNET_041_fluorescence.jpg,C:\Users\876762330\Desktop\projects\osteo-vision\research\datasets\public-candidates\d046_fluorescence_osteomyelitis_videos\derived\ofdvdnet\previews\OFDVDNET_041_reference.jpg,https://datadryad.org/dataset/doi:10.5061/dryad.v6wwpzh3w,OFDVDnet mock chicken-thigh FGS proxy; not jaw osteomyelitis or real intraoperative target-domain data.,True,
OFDVDNET_042,D046_OFDVDNET,C:\Users\876762330\Desktop\projects\osteo-vision\research\datasets\public-candidates\d046_fluorescence_osteomyelitis_videos\raw\fluorescence_proxy\ofdvdnet_dryad_v6wwpzh3w\extracted\OL-2021-07-20-134653-000014-record.mp4,C:\Users\876762330\Desktop\projects\osteo-vision\research\datasets\public-candidates\d046_fluorescence_osteomyelitis_videos\raw\fluorescence_proxy\ofdvdnet_dryad_v6wwpzh3w\data.zip,OL-2021-07-20-134653-000014-record.mp4,val,2048,1536,15.0,1236,82.4,top_left_overlay__top_right_fluorescence__bottom_left_reference,0|0|1024|768,1024|0|2048|768,0|768|1024|1536,C:\Users\876762330\Desktop\projects\osteo-vision\research\datasets\public-candidates\d046_fluorescence_osteomyelitis_videos\derived\ofdvdnet\previews\OFDVDNET_042_full.jpg,C:\Users\876762330\Desktop\projects\osteo-vision\research\datasets\public-candidates\d046_fluorescence_osteomyelitis_videos\derived\ofdvdnet\previews\OFDVDNET_042_overlay.jpg,C:\Users\876762330\Desktop\projects\osteo-vision\research\datasets\public-candidates\d046_fluorescence_osteomyelitis_videos\derived\ofdvdnet\previews\OFDVDNET_042_fluorescence.jpg,C:\Users\876762330\Desktop\projects\osteo-vision\research\datasets\public-candidates\d046_fluorescence_osteomyelitis_videos\derived\ofdvdnet\previews\OFDVDNET_042_reference.jpg,https://datadryad.org/dataset/doi:10.5061/dryad.v6wwpzh3w,OFDVDnet mock chicken-thigh FGS proxy; not jaw osteomyelitis or real intraoperative target-domain data.,True,
OFDVDNET_043,D046_OFDVDNET,C:\Users\876762330\Desktop\projects\osteo-vision\research\datasets\public-candidates\d046_fluorescence_osteomyelitis_videos\raw\fluorescence_proxy\ofdvdnet_dryad_v6wwpzh3w\extracted\OL-2021-07-20-134859-000017-record.mp4,C:\Users\876762330\Desktop\projects\osteo-vision\research\datasets\public-candidates\d046_fluorescence_osteomyelitis_videos\raw\fluorescence_proxy\ofdvdnet_dryad_v6wwpzh3w\data.zip,OL-2021-07-20-134859-000017-record.mp4,val,2048,1536,15.0,1226,81.733333,top_left_overlay__top_right_fluorescence__bottom_left_reference,0|0|1024|768,1024|0|2048|768,0|768|1024|1536,C:\Users\876762330\Desktop\projects\osteo-vision\research\datasets\public-candidates\d046_fluorescence_osteomyelitis_videos\derived\ofdvdnet\previews\OFDVDNET_043_full.jpg,C:\Users\876762330\Desktop\projects\osteo-vision\research\datasets\public-candidates\d046_fluorescence_osteomyelitis_videos\derived\ofdvdnet\previews\OFDVDNET_043_overlay.jpg,C:\Users\876762330\Desktop\projects\osteo-vision\research\datasets\public-candidates\d046_fluorescence_osteomyelitis_videos\derived\ofdvdnet\previews\OFDVDNET_043_fluorescence.jpg,C:\Users\876762330\Desktop\projects\osteo-vision\research\datasets\public-candidates\d046_fluorescence_osteomyelitis_videos\derived\ofdvdnet\previews\OFDVDNET_043_reference.jpg,https://datadryad.org/dataset/doi:10.5061/dryad.v6wwpzh3w,OFDVDnet mock chicken-thigh FGS proxy; not jaw osteomyelitis or real intraoperative target-domain data.,True,
OFDVDNET_044,D046_OFDVDNET,C:\Users\876762330\Desktop\projects\osteo-vision\research\datasets\public-candidates\d046_fluorescence_osteomyelitis_videos\raw\fluorescence_proxy\ofdvdnet_dryad_v6wwpzh3w\extracted\OL-2021-07-20-135026-000020-record.mp4,C:\Users\876762330\Desktop\projects\osteo-vision\research\datasets\public-candidates\d046_fluorescence_osteomyelitis_videos\raw\fluorescence_proxy\ofdvdnet_dryad_v6wwpzh3w\data.zip,OL-2021-07-20-135026-000020-record.mp4,val,2048,1536,15.0,1752,116.8,top_left_overlay__top_right_fluorescence__bottom_left_reference,0|0|1024|768,1024|0|2048|768,0|768|1024|1536,C:\Users\876762330\Desktop\projects\osteo-vision\research\datasets\public-candidates\d046_fluorescence_osteomyelitis_videos\derived\ofdvdnet\previews\OFDVDNET_044_full.jpg,C:\Users\876762330\Desktop\projects\osteo-vision\research\datasets\public-candidates\d046_fluorescence_osteomyelitis_videos\derived\ofdvdnet\previews\OFDVDNET_044_overlay.jpg,C:\Users\876762330\Desktop\projects\osteo-vision\research\datasets\public-candidates\d046_fluorescence_osteomyelitis_videos\derived\ofdvdnet\previews\OFDVDNET_044_fluorescence.jpg,C:\Users\876762330\Desktop\projects\osteo-vision\research\datasets\public-candidates\d046_fluorescence_osteomyelitis_videos\derived\ofdvdnet\previews\OFDVDNET_044_reference.jpg,https://datadryad.org/dataset/doi:10.5061/dryad.v6wwpzh3w,OFDVDnet mock chicken-thigh FGS proxy; not jaw osteomyelitis or real intraoperative target-domain data.,True,
OFDVDNET_045,D046_OFDVDNET,C:\Users\876762330\Desktop\projects\osteo-vision\research\datasets\public-candidates\d046_fluorescence_osteomyelitis_videos\raw\fluorescence_proxy\ofdvdnet_dryad_v6wwpzh3w\extracted\OL-2021-07-20-135217-000023-record.mp4,C:\Users\876762330\Desktop\projects\osteo-vision\research\datasets\public-candidates\d046_fluorescence_osteomyelitis_videos\raw\fluorescence_proxy\ofdvdnet_dryad_v6wwpzh3w\data.zip,OL-2021-07-20-135217-000023-record.mp4,val,2048,1536,15.0,1085,72.333333,top_left_overlay__top_right_fluorescence__bottom_left_reference,0|0|1024|768,1024|0|2048|768,0|768|1024|1536,C:\Users\876762330\Desktop\projects\osteo-vision\research\datasets\public-candidates\d046_fluorescence_osteomyelitis_videos\derived\ofdvdnet\previews\OFDVDNET_045_full.jpg,C:\Users\876762330\Desktop\projects\osteo-vision\research\datasets\public-candidates\d046_fluorescence_osteomyelitis_videos\derived\ofdvdnet\previews\OFDVDNET_045_overlay.jpg,C:\Users\876762330\Desktop\projects\osteo-vision\research\datasets\public-candidates\d046_fluorescence_osteomyelitis_videos\derived\ofdvdnet\previews\OFDVDNET_045_fluorescence.jpg,C:\Users\876762330\Desktop\projects\osteo-vision\research\datasets\public-candidates\d046_fluorescence_osteomyelitis_videos\derived\ofdvdnet\previews\OFDVDNET_045_reference.jpg,https://datadryad.org/dataset/doi:10.5061/dryad.v6wwpzh3w,OFDVDnet mock chicken-thigh FGS proxy; not jaw osteomyelitis or real intraoperative target-domain data.,True,
OFDVDNET_046,D046_OFDVDNET,C:\Users\876762330\Desktop\projects\osteo-vision\research\datasets\public-candidates\d046_fluorescence_osteomyelitis_videos\raw\fluorescence_proxy\ofdvdnet_dryad_v6wwpzh3w\extracted\OL-2021-07-20-135327-000026-record.mp4,C:\Users\876762330\Desktop\projects\osteo-vision\research\datasets\public-candidates\d046_fluorescence_osteomyelitis_videos\raw\fluorescence_proxy\ofdvdnet_dryad_v6wwpzh3w\data.zip,OL-2021-07-20-135327-000026-record.mp4,test,2048,1536,15.0,286,19.066667,top_left_overlay__top_right_fluorescence__bottom_left_reference,0|0|1024|768,1024|0|2048|768,0|768|1024|1536,C:\Users\876762330\Desktop\projects\osteo-vision\research\datasets\public-candidates\d046_fluorescence_osteomyelitis_videos\derived\ofdvdnet\previews\OFDVDNET_046_full.jpg,C:\Users\876762330\Desktop\projects\osteo-vision\research\datasets\public-candidates\d046_fluorescence_osteomyelitis_videos\derived\ofdvdnet\previews\OFDVDNET_046_overlay.jpg,C:\Users\876762330\Desktop\projects\osteo-vision\research\datasets\public-candidates\d046_fluorescence_osteomyelitis_videos\derived\ofdvdnet\previews\OFDVDNET_046_fluorescence.jpg,C:\Users\876762330\Desktop\projects\osteo-vision\research\datasets\public-candidates\d046_fluorescence_osteomyelitis_videos\derived\ofdvdnet\previews\OFDVDNET_046_reference.jpg,https://datadryad.org/dataset/doi:10.5061/dryad.v6wwpzh3w,OFDVDnet mock chicken-thigh FGS proxy; not jaw osteomyelitis or real intraoperative target-domain data.,True,
OFDVDNET_047,D046_OFDVDNET,C:\Users\876762330\Desktop\projects\osteo-vision\research\datasets\public-candidates\d046_fluorescence_osteomyelitis_videos\raw\fluorescence_proxy\ofdvdnet_dryad_v6wwpzh3w\extracted\OL-2021-07-20-135421-000029-record.mp4,C:\Users\876762330\Desktop\projects\osteo-vision\research\datasets\public-candidates\d046_fluorescence_osteomyelitis_videos\raw\fluorescence_proxy\ofdvdnet_dryad_v6wwpzh3w\data.zip,OL-2021-07-20-135421-000029-record.mp4,test,2048,1536,15.0,1360,90.666667,top_left_overlay__top_right_fluorescence__bottom_left_reference,0|0|1024|768,1024|0|2048|768,0|768|1024|1536,C:\Users\876762330\Desktop\projects\osteo-vision\research\datasets\public-candidates\d046_fluorescence_osteomyelitis_videos\derived\ofdvdnet\previews\OFDVDNET_047_full.jpg,C:\Users\876762330\Desktop\projects\osteo-vision\research\datasets\public-candidates\d046_fluorescence_osteomyelitis_videos\derived\ofdvdnet\previews\OFDVDNET_047_overlay.jpg,C:\Users\876762330\Desktop\projects\osteo-vision\research\datasets\public-candidates\d046_fluorescence_osteomyelitis_videos\derived\ofdvdnet\previews\OFDVDNET_047_fluorescence.jpg,C:\Users\876762330\Desktop\projects\osteo-vision\research\datasets\public-candidates\d046_fluorescence_osteomyelitis_videos\derived\ofdvdnet\previews\OFDVDNET_047_reference.jpg,https://datadryad.org/dataset/doi:10.5061/dryad.v6wwpzh3w,OFDVDnet mock chicken-thigh FGS proxy; not jaw osteomyelitis or real intraoperative target-domain data.,True,
OFDVDNET_048,D046_OFDVDNET,C:\Users\876762330\Desktop\projects\osteo-vision\research\datasets\public-candidates\d046_fluorescence_osteomyelitis_videos\raw\fluorescence_proxy\ofdvdnet_dryad_v6wwpzh3w\extracted\OL-2021-07-20-135546-000032-record.mp4,C:\Users\876762330\Desktop\projects\osteo-vision\research\datasets\public-candidates\d046_fluorescence_osteomyelitis_videos\raw\fluorescence_proxy\ofdvdnet_dryad_v6wwpzh3w\data.zip,OL-2021-07-20-135546-000032-record.mp4,test,2048,1536,15.0,1939,129.266667,top_left_overlay__top_right_fluorescence__bottom_left_reference,0|0|1024|768,1024|0|2048|768,0|768|1024|1536,C:\Users\876762330\Desktop\projects\osteo-vision\research\datasets\public-candidates\d046_fluorescence_osteomyelitis_videos\derived\ofdvdnet\previews\OFDVDNET_048_full.jpg,C:\Users\876762330\Desktop\projects\osteo-vision\research\datasets\public-candidates\d046_fluorescence_osteomyelitis_videos\derived\ofdvdnet\previews\OFDVDNET_048_overlay.jpg,C:\Users\876762330\Desktop\projects\osteo-vision\research\datasets\public-candidates\d046_fluorescence_osteomyelitis_videos\derived\ofdvdnet\previews\OFDVDNET_048_fluorescence.jpg,C:\Users\876762330\Desktop\projects\osteo-vision\research\datasets\public-candidates\d046_fluorescence_osteomyelitis_videos\derived\ofdvdnet\previews\OFDVDNET_048_reference.jpg,https://datadryad.org/dataset/doi:10.5061/dryad.v6wwpzh3w,OFDVDnet mock chicken-thigh FGS proxy; not jaw osteomyelitis or real intraoperative target-domain data.,True,
OFDVDNET_049,D046_OFDVDNET,C:\Users\876762330\Desktop\projects\osteo-vision\research\datasets\public-candidates\d046_fluorescence_osteomyelitis_videos\raw\fluorescence_proxy\ofdvdnet_dryad_v6wwpzh3w\extracted\OL-2021-07-20-135751-000034-record.mp4,C:\Users\876762330\Desktop\projects\osteo-vision\research\datasets\public-candidates\d046_fluorescence_osteomyelitis_videos\raw\fluorescence_proxy\ofdvdnet_dryad_v6wwpzh3w\data.zip,OL-2021-07-20-135751-000034-record.mp4,test,2048,1536,15.0,1228,81.866667,top_left_overlay__top_right_fluorescence__bottom_left_reference,0|0|1024|768,1024|0|2048|768,0|768|1024|1536,C:\Users\876762330\Desktop\projects\osteo-vision\research\datasets\public-candidates\d046_fluorescence_osteomyelitis_videos\derived\ofdvdnet\previews\OFDVDNET_049_full.jpg,C:\Users\876762330\Desktop\projects\osteo-vision\research\datasets\public-candidates\d046_fluorescence_osteomyelitis_videos\derived\ofdvdnet\previews\OFDVDNET_049_overlay.jpg,C:\Users\876762330\Desktop\projects\osteo-vision\research\datasets\public-candidates\d046_fluorescence_osteomyelitis_videos\derived\ofdvdnet\previews\OFDVDNET_049_fluorescence.jpg,C:\Users\876762330\Desktop\projects\osteo-vision\research\datasets\public-candidates\d046_fluorescence_osteomyelitis_videos\derived\ofdvdnet\previews\OFDVDNET_049_reference.jpg,https://datadryad.org/dataset/doi:10.5061/dryad.v6wwpzh3w,OFDVDnet mock chicken-thigh FGS proxy; not jaw osteomyelitis or real intraoperative target-domain data.,True,
OFDVDNET_050,D046_OFDVDNET,C:\Users\876762330\Desktop\projects\osteo-vision\research\datasets\public-candidates\d046_fluorescence_osteomyelitis_videos\raw\fluorescence_proxy\ofdvdnet_dryad_v6wwpzh3w\extracted\OL-2021-07-20-135910-000037-record.mp4,C:\Users\876762330\Desktop\projects\osteo-vision\research\datasets\public-candidates\d046_fluorescence_osteomyelitis_videos\raw\fluorescence_proxy\ofdvdnet_dryad_v6wwpzh3w\data.zip,OL-2021-07-20-135910-000037-record.mp4,test,2048,1536,15.0,1043,69.533333,top_left_overlay__top_right_fluorescence__bottom_left_reference,0|0|1024|768,1024|0|2048|768,0|768|1024|1536,C:\Users\876762330\Desktop\projects\osteo-vision\research\datasets\public-candidates\d046_fluorescence_osteomyelitis_videos\derived\ofdvdnet\previews\OFDVDNET_050_full.jpg,C:\Users\876762330\Desktop\projects\osteo-vision\research\datasets\public-candidates\d046_fluorescence_osteomyelitis_videos\derived\ofdvdnet\previews\OFDVDNET_050_overlay.jpg,C:\Users\876762330\Desktop\projects\osteo-vision\research\datasets\public-candidates\d046_fluorescence_osteomyelitis_videos\derived\ofdvdnet\previews\OFDVDNET_050_fluorescence.jpg,C:\Users\876762330\Desktop\projects\osteo-vision\research\datasets\public-candidates\d046_fluorescence_osteomyelitis_videos\derived\ofdvdnet\previews\OFDVDNET_050_reference.jpg,https://datadryad.org/dataset/doi:10.5061/dryad.v6wwpzh3w,OFDVDnet mock chicken-thigh FGS proxy; not jaw osteomyelitis or real intraoperative target-domain data.,True,
