record_id,split,video_path,frame_index,timestamp_sec,reference_path,fluorescence_enhanced_path,pseudo_color_path,fusion_overlay_path,threshold,mean_intensity,max_intensity,p95_intensity,positive_area_px,positive_area_fraction,method,domain_boundary
OFDVDNET_001,train,C:\Users\876762330\Desktop\projects\osteo-vision\research\datasets\public-candidates\d046_fluorescence_osteomyelitis_videos\raw\fluorescence_proxy\ofdvdnet_dryad_v6wwpzh3w\extracted\OL-2021-07-20-121707-000004-record.mp4,384,25.6,C:\Users\876762330\Desktop\projects\osteo-vision\research\datasets\public-candidates\d046_fluorescence_osteomyelitis_videos\derived\ofdvdnet\baseline_enhancement\OFDVDNET_001\OFDVDNET_001_reference.jpg,C:\Users\876762330\Desktop\projects\osteo-vision\research\datasets\public-candidates\d046_fluorescence_osteomyelitis_videos\derived\ofdvdnet\baseline_enhancement\OFDVDNET_001\OFDVDNET_001_fluorescence_enhanced.jpg,C:\Users\876762330\Desktop\projects\osteo-vision\research\datasets\public-candidates\d046_fluorescence_osteomyelitis_videos\derived\ofdvdnet\baseline_enhancement\OFDVDNET_001\OFDVDNET_001_pseudo_color.jpg,C:\Users\876762330\Desktop\projects\osteo-vision\research\datasets\public-candidates\d046_fluorescence_osteomyelitis_videos\derived\ofdvdnet\baseline_enhancement\OFDVDNET_001\OFDVDNET_001_fusion_overlay.jpg,0.6,0.099391,1.0,0.354046,17603,0.022383,ofdvdnet_fluorescence_baseline,OFDVDnet mock chicken-thigh FGS proxy; not jaw osteomyelitis or real intraoperative target-domain data.
OFDVDNET_002,train,C:\Users\876762330\Desktop\projects\osteo-vision\research\datasets\public-candidates\d046_fluorescence_osteomyelitis_videos\raw\fluorescence_proxy\ofdvdnet_dryad_v6wwpzh3w\extracted\OL-2021-07-20-121809-000007-record.mp4,600,40.0,C:\Users\876762330\Desktop\projects\osteo-vision\research\datasets\public-candidates\d046_fluorescence_osteomyelitis_videos\derived\ofdvdnet\baseline_enhancement\OFDVDNET_002\OFDVDNET_002_reference.jpg,C:\Users\876762330\Desktop\projects\osteo-vision\research\datasets\public-candidates\d046_fluorescence_osteomyelitis_videos\derived\ofdvdnet\baseline_enhancement\OFDVDNET_002\OFDVDNET_002_fluorescence_enhanced.jpg,C:\Users\876762330\Desktop\projects\osteo-vision\research\datasets\public-candidates\d046_fluorescence_osteomyelitis_videos\derived\ofdvdnet\baseline_enhancement\OFDVDNET_002\OFDVDNET_002_pseudo_color.jpg,C:\Users\876762330\Desktop\projects\osteo-vision\research\datasets\public-candidates\d046_fluorescence_osteomyelitis_videos\derived\ofdvdnet\baseline_enhancement\OFDVDNET_002\OFDVDNET_002_fusion_overlay.jpg,0.6,0.16478,1.0,0.727085,58837,0.074815,ofdvdnet_fluorescence_baseline,OFDVDnet mock chicken-thigh FGS proxy; not jaw osteomyelitis or real intraoperative target-domain data.
OFDVDNET_003,train,C:\Users\876762330\Desktop\projects\osteo-vision\research\datasets\public-candidates\d046_fluorescence_osteomyelitis_videos\raw\fluorescence_proxy\ofdvdnet_dryad_v6wwpzh3w\extracted\OL-2021-07-20-121933-000010-record.mp4,568,37.86666666666667,C:\Users\876762330\Desktop\projects\osteo-vision\research\datasets\public-candidates\d046_fluorescence_osteomyelitis_videos\derived\ofdvdnet\baseline_enhancement\OFDVDNET_003\OFDVDNET_003_reference.jpg,C:\Users\876762330\Desktop\projects\osteo-vision\research\datasets\public-candidates\d046_fluorescence_osteomyelitis_videos\derived\ofdvdnet\baseline_enhancement\OFDVDNET_003\OFDVDNET_003_fluorescence_enhanced.jpg,C:\Users\876762330\Desktop\projects\osteo-vision\research\datasets\public-candidates\d046_fluorescence_osteomyelitis_videos\derived\ofdvdnet\baseline_enhancement\OFDVDNET_003\OFDVDNET_003_pseudo_color.jpg,C:\Users\876762330\Desktop\projects\osteo-vision\research\datasets\public-candidates\d046_fluorescence_osteomyelitis_videos\derived\ofdvdnet\baseline_enhancement\OFDVDNET_003\OFDVDNET_003_fusion_overlay.jpg,0.6,0.201727,1.0,0.791484,81431,0.103545,ofdvdnet_fluorescence_baseline,OFDVDnet mock chicken-thigh FGS proxy; not jaw osteomyelitis or real intraoperative target-domain data.
OFDVDNET_005,train,C:\Users\876762330\Desktop\projects\osteo-vision\research\datasets\public-candidates\d046_fluorescence_osteomyelitis_videos\raw\fluorescence_proxy\ofdvdnet_dryad_v6wwpzh3w\extracted\OL-2021-07-20-123850-000005-record.mp4,256,17.066666666666666,C:\Users\876762330\Desktop\projects\osteo-vision\research\datasets\public-candidates\d046_fluorescence_osteomyelitis_videos\derived\ofdvdnet\baseline_enhancement\OFDVDNET_005\OFDVDNET_005_reference.jpg,C:\Users\876762330\Desktop\projects\osteo-vision\research\datasets\public-candidates\d046_fluorescence_osteomyelitis_videos\derived\ofdvdnet\baseline_enhancement\OFDVDNET_005\OFDVDNET_005_fluorescence_enhanced.jpg,C:\Users\876762330\Desktop\projects\osteo-vision\research\datasets\public-candidates\d046_fluorescence_osteomyelitis_videos\derived\ofdvdnet\baseline_enhancement\OFDVDNET_005\OFDVDNET_005_pseudo_color.jpg,C:\Users\876762330\Desktop\projects\osteo-vision\research\datasets\public-candidates\d046_fluorescence_osteomyelitis_videos\derived\ofdvdnet\baseline_enhancement\OFDVDNET_005\OFDVDNET_005_fusion_overlay.jpg,0.6,0.132488,1.0,0.603918,39773,0.050574,ofdvdnet_fluorescence_baseline,OFDVDnet mock chicken-thigh FGS proxy; not jaw osteomyelitis or real intraoperative target-domain data.
OFDVDNET_006,train,C:\Users\876762330\Desktop\projects\osteo-vision\research\datasets\public-candidates\d046_fluorescence_osteomyelitis_videos\raw\fluorescence_proxy\ofdvdnet_dryad_v6wwpzh3w\extracted\OL-2021-07-20-123923-000006-record.mp4,680,45.333333333333336,C:\Users\876762330\Desktop\projects\osteo-vision\research\datasets\public-candidates\d046_fluorescence_osteomyelitis_videos\derived\ofdvdnet\baseline_enhancement\OFDVDNET_006\OFDVDNET_006_reference.jpg,C:\Users\876762330\Desktop\projects\osteo-vision\research\datasets\public-candidates\d046_fluorescence_osteomyelitis_videos\derived\ofdvdnet\baseline_enhancement\OFDVDNET_006\OFDVDNET_006_fluorescence_enhanced.jpg,C:\Users\876762330\Desktop\projects\osteo-vision\research\datasets\public-candidates\d046_fluorescence_osteomyelitis_videos\derived\ofdvdnet\baseline_enhancement\OFDVDNET_006\OFDVDNET_006_pseudo_color.jpg,C:\Users\876762330\Desktop\projects\osteo-vision\research\datasets\public-candidates\d046_fluorescence_osteomyelitis_videos\derived\ofdvdnet\baseline_enhancement\OFDVDNET_006\OFDVDNET_006_fusion_overlay.jpg,0.6,0.082748,1.0,0.5,28747,0.036554,ofdvdnet_fluorescence_baseline,OFDVDnet mock chicken-thigh FGS proxy; not jaw osteomyelitis or real intraoperative target-domain data.
OFDVDNET_007,train,C:\Users\876762330\Desktop\projects\osteo-vision\research\datasets\public-candidates\d046_fluorescence_osteomyelitis_videos\raw\fluorescence_proxy\ofdvdnet_dryad_v6wwpzh3w\extracted\OL-2021-07-20-124515-000009-record.mp4,614,40.93333333333333,C:\Users\876762330\Desktop\projects\osteo-vision\research\datasets\public-candidates\d046_fluorescence_osteomyelitis_videos\derived\ofdvdnet\baseline_enhancement\OFDVDNET_007\OFDVDNET_007_reference.jpg,C:\Users\876762330\Desktop\projects\osteo-vision\research\datasets\public-candidates\d046_fluorescence_osteomyelitis_videos\derived\ofdvdnet\baseline_enhancement\OFDVDNET_007\OFDVDNET_007_fluorescence_enhanced.jpg,C:\Users\876762330\Desktop\projects\osteo-vision\research\datasets\public-candidates\d046_fluorescence_osteomyelitis_videos\derived\ofdvdnet\baseline_enhancement\OFDVDNET_007\OFDVDNET_007_pseudo_color.jpg,C:\Users\876762330\Desktop\projects\osteo-vision\research\datasets\public-candidates\d046_fluorescence_osteomyelitis_videos\derived\ofdvdnet\baseline_enhancement\OFDVDNET_007\OFDVDNET_007_fusion_overlay.jpg,0.6,0.11516,1.0,0.599944,39294,0.049965,ofdvdnet_fluorescence_baseline,OFDVDnet mock chicken-thigh FGS proxy; not jaw osteomyelitis or real intraoperative target-domain data.
OFDVDNET_008,train,C:\Users\876762330\Desktop\projects\osteo-vision\research\datasets\public-candidates\d046_fluorescence_osteomyelitis_videos\raw\fluorescence_proxy\ofdvdnet_dryad_v6wwpzh3w\extracted\OL-2021-07-20-124634-000012-record.mp4,551,36.733333333333334,C:\Users\876762330\Desktop\projects\osteo-vision\research\datasets\public-candidates\d046_fluorescence_osteomyelitis_videos\derived\ofdvdnet\baseline_enhancement\OFDVDNET_008\OFDVDNET_008_reference.jpg,C:\Users\876762330\Desktop\projects\osteo-vision\research\datasets\public-candidates\d046_fluorescence_osteomyelitis_videos\derived\ofdvdnet\baseline_enhancement\OFDVDNET_008\OFDVDNET_008_fluorescence_enhanced.jpg,C:\Users\876762330\Desktop\projects\osteo-vision\research\datasets\public-candidates\d046_fluorescence_osteomyelitis_videos\derived\ofdvdnet\baseline_enhancement\OFDVDNET_008\OFDVDNET_008_pseudo_color.jpg,C:\Users\876762330\Desktop\projects\osteo-vision\research\datasets\public-candidates\d046_fluorescence_osteomyelitis_videos\derived\ofdvdnet\baseline_enhancement\OFDVDNET_008\OFDVDNET_008_fusion_overlay.jpg,0.6,0.104296,1.0,0.599206,38919,0.049488,ofdvdnet_fluorescence_baseline,OFDVDnet mock chicken-thigh FGS proxy; not jaw osteomyelitis or real intraoperative target-domain data.
OFDVDNET_009,train,C:\Users\876762330\Desktop\projects\osteo-vision\research\datasets\public-candidates\d046_fluorescence_osteomyelitis_videos\raw\fluorescence_proxy\ofdvdnet_dryad_v6wwpzh3w\extracted\OL-2021-07-20-124746-000015-record.mp4,581,38.733333333333334,C:\Users\876762330\Desktop\projects\osteo-vision\research\datasets\public-candidates\d046_fluorescence_osteomyelitis_videos\derived\ofdvdnet\baseline_enhancement\OFDVDNET_009\OFDVDNET_009_reference.jpg,C:\Users\876762330\Desktop\projects\osteo-vision\research\datasets\public-candidates\d046_fluorescence_osteomyelitis_videos\derived\ofdvdnet\baseline_enhancement\OFDVDNET_009\OFDVDNET_009_fluorescence_enhanced.jpg,C:\Users\876762330\Desktop\projects\osteo-vision\research\datasets\public-candidates\d046_fluorescence_osteomyelitis_videos\derived\ofdvdnet\baseline_enhancement\OFDVDNET_009\OFDVDNET_009_pseudo_color.jpg,C:\Users\876762330\Desktop\projects\osteo-vision\research\datasets\public-candidates\d046_fluorescence_osteomyelitis_videos\derived\ofdvdnet\baseline_enhancement\OFDVDNET_009\OFDVDNET_009_fusion_overlay.jpg,0.6,0.102902,1.0,0.575397,36073,0.045869,ofdvdnet_fluorescence_baseline,OFDVDnet mock chicken-thigh FGS proxy; not jaw osteomyelitis or real intraoperative target-domain data.
OFDVDNET_010,train,C:\Users\876762330\Desktop\projects\osteo-vision\research\datasets\public-candidates\d046_fluorescence_osteomyelitis_videos\raw\fluorescence_proxy\ofdvdnet_dryad_v6wwpzh3w\extracted\OL-2021-07-20-124901-000018-record.mp4,320,21.333333333333332,C:\Users\876762330\Desktop\projects\osteo-vision\research\datasets\public-candidates\d046_fluorescence_osteomyelitis_videos\derived\ofdvdnet\baseline_enhancement\OFDVDNET_010\OFDVDNET_010_reference.jpg,C:\Users\876762330\Desktop\projects\osteo-vision\research\datasets\public-candidates\d046_fluorescence_osteomyelitis_videos\derived\ofdvdnet\baseline_enhancement\OFDVDNET_010\OFDVDNET_010_fluorescence_enhanced.jpg,C:\Users\876762330\Desktop\projects\osteo-vision\research\datasets\public-candidates\d046_fluorescence_osteomyelitis_videos\derived\ofdvdnet\baseline_enhancement\OFDVDNET_010\OFDVDNET_010_pseudo_color.jpg,C:\Users\876762330\Desktop\projects\osteo-vision\research\datasets\public-candidates\d046_fluorescence_osteomyelitis_videos\derived\ofdvdnet\baseline_enhancement\OFDVDNET_010\OFDVDNET_010_fusion_overlay.jpg,0.6,0.11614,1.0,0.587302,37758,0.048012,ofdvdnet_fluorescence_baseline,OFDVDnet mock chicken-thigh FGS proxy; not jaw osteomyelitis or real intraoperative target-domain data.
OFDVDNET_011,train,C:\Users\876762330\Desktop\projects\osteo-vision\research\datasets\public-candidates\d046_fluorescence_osteomyelitis_videos\raw\fluorescence_proxy\ofdvdnet_dryad_v6wwpzh3w\extracted\OL-2021-07-20-125008-000021-record.mp4,614,40.93333333333333,C:\Users\876762330\Desktop\projects\osteo-vision\research\datasets\public-candidates\d046_fluorescence_osteomyelitis_videos\derived\ofdvdnet\baseline_enhancement\OFDVDNET_011\OFDVDNET_011_reference.jpg,C:\Users\876762330\Desktop\projects\osteo-vision\research\datasets\public-candidates\d046_fluorescence_osteomyelitis_videos\derived\ofdvdnet\baseline_enhancement\OFDVDNET_011\OFDVDNET_011_fluorescence_enhanced.jpg,C:\Users\876762330\Desktop\projects\osteo-vision\research\datasets\public-candidates\d046_fluorescence_osteomyelitis_videos\derived\ofdvdnet\baseline_enhancement\OFDVDNET_011\OFDVDNET_011_pseudo_color.jpg,C:\Users\876762330\Desktop\projects\osteo-vision\research\datasets\public-candidates\d046_fluorescence_osteomyelitis_videos\derived\ofdvdnet\baseline_enhancement\OFDVDNET_011\OFDVDNET_011_fusion_overlay.jpg,0.6,0.111384,1.0,0.599944,38975,0.049559,ofdvdnet_fluorescence_baseline,OFDVDnet mock chicken-thigh FGS proxy; not jaw osteomyelitis or real intraoperative target-domain data.
OFDVDNET_012,train,C:\Users\876762330\Desktop\projects\osteo-vision\research\datasets\public-candidates\d046_fluorescence_osteomyelitis_videos\raw\fluorescence_proxy\ofdvdnet_dryad_v6wwpzh3w\extracted\OL-2021-07-20-125129-000024-record.mp4,680,45.333333333333336,C:\Users\876762330\Desktop\projects\osteo-vision\research\datasets\public-candidates\d046_fluorescence_osteomyelitis_videos\derived\ofdvdnet\baseline_enhancement\OFDVDNET_012\OFDVDNET_012_reference.jpg,C:\Users\876762330\Desktop\projects\osteo-vision\research\datasets\public-candidates\d046_fluorescence_osteomyelitis_videos\derived\ofdvdnet\baseline_enhancement\OFDVDNET_012\OFDVDNET_012_fluorescence_enhanced.jpg,C:\Users\876762330\Desktop\projects\osteo-vision\research\datasets\public-candidates\d046_fluorescence_osteomyelitis_videos\derived\ofdvdnet\baseline_enhancement\OFDVDNET_012\OFDVDNET_012_pseudo_color.jpg,C:\Users\876762330\Desktop\projects\osteo-vision\research\datasets\public-candidates\d046_fluorescence_osteomyelitis_videos\derived\ofdvdnet\baseline_enhancement\OFDVDNET_012\OFDVDNET_012_fusion_overlay.jpg,0.6,0.102971,1.0,0.575397,36354,0.046227,ofdvdnet_fluorescence_baseline,OFDVDnet mock chicken-thigh FGS proxy; not jaw osteomyelitis or real intraoperative target-domain data.
OFDVDNET_013,train,C:\Users\876762330\Desktop\projects\osteo-vision\research\datasets\public-candidates\d046_fluorescence_osteomyelitis_videos\raw\fluorescence_proxy\ofdvdnet_dryad_v6wwpzh3w\extracted\OL-2021-07-20-125329-000027-record.mp4,696,46.4,C:\Users\876762330\Desktop\projects\osteo-vision\research\datasets\public-candidates\d046_fluorescence_osteomyelitis_videos\derived\ofdvdnet\baseline_enhancement\OFDVDNET_013\OFDVDNET_013_reference.jpg,C:\Users\876762330\Desktop\projects\osteo-vision\research\datasets\public-candidates\d046_fluorescence_osteomyelitis_videos\derived\ofdvdnet\baseline_enhancement\OFDVDNET_013\OFDVDNET_013_fluorescence_enhanced.jpg,C:\Users\876762330\Desktop\projects\osteo-vision\research\datasets\public-candidates\d046_fluorescence_osteomyelitis_videos\derived\ofdvdnet\baseline_enhancement\OFDVDNET_013\OFDVDNET_013_pseudo_color.jpg,C:\Users\876762330\Desktop\projects\osteo-vision\research\datasets\public-candidates\d046_fluorescence_osteomyelitis_videos\derived\ofdvdnet\baseline_enhancement\OFDVDNET_013\OFDVDNET_013_fusion_overlay.jpg,0.6,0.128971,1.0,0.649017,47437,0.060319,ofdvdnet_fluorescence_baseline,OFDVDnet mock chicken-thigh FGS proxy; not jaw osteomyelitis or real intraoperative target-domain data.
OFDVDNET_014,train,C:\Users\876762330\Desktop\projects\osteo-vision\research\datasets\public-candidates\d046_fluorescence_osteomyelitis_videos\raw\fluorescence_proxy\ofdvdnet_dryad_v6wwpzh3w\extracted\OL-2021-07-20-125458-000030-record.mp4,644,42.93333333333333,C:\Users\876762330\Desktop\projects\osteo-vision\research\datasets\public-candidates\d046_fluorescence_osteomyelitis_videos\derived\ofdvdnet\baseline_enhancement\OFDVDNET_014\OFDVDNET_014_reference.jpg,C:\Users\876762330\Desktop\projects\osteo-vision\research\datasets\public-candidates\d046_fluorescence_osteomyelitis_videos\derived\ofdvdnet\baseline_enhancement\OFDVDNET_014\OFDVDNET_014_fluorescence_enhanced.jpg,C:\Users\876762330\Desktop\projects\osteo-vision\research\datasets\public-candidates\d046_fluorescence_osteomyelitis_videos\derived\ofdvdnet\baseline_enhancement\OFDVDNET_014\OFDVDNET_014_pseudo_color.jpg,C:\Users\876762330\Desktop\projects\osteo-vision\research\datasets\public-candidates\d046_fluorescence_osteomyelitis_videos\derived\ofdvdnet\baseline_enhancement\OFDVDNET_014\OFDVDNET_014_fusion_overlay.jpg,0.6,0.118968,1.0,0.635703,44256,0.056274,ofdvdnet_fluorescence_baseline,OFDVDnet mock chicken-thigh FGS proxy; not jaw osteomyelitis or real intraoperative target-domain data.
OFDVDNET_015,train,C:\Users\876762330\Desktop\projects\osteo-vision\research\datasets\public-candidates\d046_fluorescence_osteomyelitis_videos\raw\fluorescence_proxy\ofdvdnet_dryad_v6wwpzh3w\extracted\OL-2021-07-20-125621-000033-record.mp4,680,45.333333333333336,C:\Users\876762330\Desktop\projects\osteo-vision\research\datasets\public-candidates\d046_fluorescence_osteomyelitis_videos\derived\ofdvdnet\baseline_enhancement\OFDVDNET_015\OFDVDNET_015_reference.jpg,C:\Users\876762330\Desktop\projects\osteo-vision\research\datasets\public-candidates\d046_fluorescence_osteomyelitis_videos\derived\ofdvdnet\baseline_enhancement\OFDVDNET_015\OFDVDNET_015_fluorescence_enhanced.jpg,C:\Users\876762330\Desktop\projects\osteo-vision\research\datasets\public-candidates\d046_fluorescence_osteomyelitis_videos\derived\ofdvdnet\baseline_enhancement\OFDVDNET_015\OFDVDNET_015_pseudo_color.jpg,C:\Users\876762330\Desktop\projects\osteo-vision\research\datasets\public-candidates\d046_fluorescence_osteomyelitis_videos\derived\ofdvdnet\baseline_enhancement\OFDVDNET_015\OFDVDNET_015_fusion_overlay.jpg,0.6,0.122964,1.0,0.646825,46729,0.059419,ofdvdnet_fluorescence_baseline,OFDVDnet mock chicken-thigh FGS proxy; not jaw osteomyelitis or real intraoperative target-domain data.
OFDVDNET_016,train,C:\Users\876762330\Desktop\projects\osteo-vision\research\datasets\public-candidates\d046_fluorescence_osteomyelitis_videos\raw\fluorescence_proxy\ofdvdnet_dryad_v6wwpzh3w\extracted\OL-2021-07-20-125749-000036-record.mp4,644,42.93333333333333,C:\Users\876762330\Desktop\projects\osteo-vision\research\datasets\public-candidates\d046_fluorescence_osteomyelitis_videos\derived\ofdvdnet\baseline_enhancement\OFDVDNET_016\OFDVDNET_016_reference.jpg,C:\Users\876762330\Desktop\projects\osteo-vision\research\datasets\public-candidates\d046_fluorescence_osteomyelitis_videos\derived\ofdvdnet\baseline_enhancement\OFDVDNET_016\OFDVDNET_016_fluorescence_enhanced.jpg,C:\Users\876762330\Desktop\projects\osteo-vision\research\datasets\public-candidates\d046_fluorescence_osteomyelitis_videos\derived\ofdvdnet\baseline_enhancement\OFDVDNET_016\OFDVDNET_016_pseudo_color.jpg,C:\Users\876762330\Desktop\projects\osteo-vision\research\datasets\public-candidates\d046_fluorescence_osteomyelitis_videos\derived\ofdvdnet\baseline_enhancement\OFDVDNET_016\OFDVDNET_016_fusion_overlay.jpg,0.6,0.129125,1.0,0.65873,48372,0.061508,ofdvdnet_fluorescence_baseline,OFDVDnet mock chicken-thigh FGS proxy; not jaw osteomyelitis or real intraoperative target-domain data.
OFDVDNET_017,train,C:\Users\876762330\Desktop\projects\osteo-vision\research\datasets\public-candidates\d046_fluorescence_osteomyelitis_videos\raw\fluorescence_proxy\ofdvdnet_dryad_v6wwpzh3w\extracted\OL-2021-07-20-125913-000039-record.mp4,730,48.666666666666664,C:\Users\876762330\Desktop\projects\osteo-vision\research\datasets\public-candidates\d046_fluorescence_osteomyelitis_videos\derived\ofdvdnet\baseline_enhancement\OFDVDNET_017\OFDVDNET_017_reference.jpg,C:\Users\876762330\Desktop\projects\osteo-vision\research\datasets\public-candidates\d046_fluorescence_osteomyelitis_videos\derived\ofdvdnet\baseline_enhancement\OFDVDNET_017\OFDVDNET_017_fluorescence_enhanced.jpg,C:\Users\876762330\Desktop\projects\osteo-vision\research\datasets\public-candidates\d046_fluorescence_osteomyelitis_videos\derived\ofdvdnet\baseline_enhancement\OFDVDNET_017\OFDVDNET_017_pseudo_color.jpg,C:\Users\876762330\Desktop\projects\osteo-vision\research\datasets\public-candidates\d046_fluorescence_osteomyelitis_videos\derived\ofdvdnet\baseline_enhancement\OFDVDNET_017\OFDVDNET_017_fusion_overlay.jpg,0.6,0.125684,1.0,0.651595,46209,0.058758,ofdvdnet_fluorescence_baseline,OFDVDnet mock chicken-thigh FGS proxy; not jaw osteomyelitis or real intraoperative target-domain data.
OFDVDNET_018,train,C:\Users\876762330\Desktop\projects\osteo-vision\research\datasets\public-candidates\d046_fluorescence_osteomyelitis_videos\raw\fluorescence_proxy\ofdvdnet_dryad_v6wwpzh3w\extracted\OL-2021-07-20-130045-000042-record.mp4,596,39.733333333333334,C:\Users\876762330\Desktop\projects\osteo-vision\research\datasets\public-candidates\d046_fluorescence_osteomyelitis_videos\derived\ofdvdnet\baseline_enhancement\OFDVDNET_018\OFDVDNET_018_reference.jpg,C:\Users\876762330\Desktop\projects\osteo-vision\research\datasets\public-candidates\d046_fluorescence_osteomyelitis_videos\derived\ofdvdnet\baseline_enhancement\OFDVDNET_018\OFDVDNET_018_fluorescence_enhanced.jpg,C:\Users\876762330\Desktop\projects\osteo-vision\research\datasets\public-candidates\d046_fluorescence_osteomyelitis_videos\derived\ofdvdnet\baseline_enhancement\OFDVDNET_018\OFDVDNET_018_pseudo_color.jpg,C:\Users\876762330\Desktop\projects\osteo-vision\research\datasets\public-candidates\d046_fluorescence_osteomyelitis_videos\derived\ofdvdnet\baseline_enhancement\OFDVDNET_018\OFDVDNET_018_fusion_overlay.jpg,0.6,0.129179,1.0,0.654762,47575,0.060495,ofdvdnet_fluorescence_baseline,OFDVDnet mock chicken-thigh FGS proxy; not jaw osteomyelitis or real intraoperative target-domain data.
OFDVDNET_019,train,C:\Users\876762330\Desktop\projects\osteo-vision\research\datasets\public-candidates\d046_fluorescence_osteomyelitis_videos\raw\fluorescence_proxy\ofdvdnet_dryad_v6wwpzh3w\extracted\OL-2021-07-20-130202-000045-record.mp4,354,23.6,C:\Users\876762330\Desktop\projects\osteo-vision\research\datasets\public-candidates\d046_fluorescence_osteomyelitis_videos\derived\ofdvdnet\baseline_enhancement\OFDVDNET_019\OFDVDNET_019_reference.jpg,C:\Users\876762330\Desktop\projects\osteo-vision\research\datasets\public-candidates\d046_fluorescence_osteomyelitis_videos\derived\ofdvdnet\baseline_enhancement\OFDVDNET_019\OFDVDNET_019_fluorescence_enhanced.jpg,C:\Users\876762330\Desktop\projects\osteo-vision\research\datasets\public-candidates\d046_fluorescence_osteomyelitis_videos\derived\ofdvdnet\baseline_enhancement\OFDVDNET_019\OFDVDNET_019_pseudo_color.jpg,C:\Users\876762330\Desktop\projects\osteo-vision\research\datasets\public-candidates\d046_fluorescence_osteomyelitis_videos\derived\ofdvdnet\baseline_enhancement\OFDVDNET_019\OFDVDNET_019_fusion_overlay.jpg,0.6,0.12767,1.0,0.646825,45658,0.058057,ofdvdnet_fluorescence_baseline,OFDVDnet mock chicken-thigh FGS proxy; not jaw osteomyelitis or real intraoperative target-domain data.
OFDVDNET_020,train,C:\Users\876762330\Desktop\projects\osteo-vision\research\datasets\public-candidates\d046_fluorescence_osteomyelitis_videos\raw\fluorescence_proxy\ofdvdnet_dryad_v6wwpzh3w\extracted\OL-2021-07-20-130706-000003-record.mp4,624,41.6,C:\Users\876762330\Desktop\projects\osteo-vision\research\datasets\public-candidates\d046_fluorescence_osteomyelitis_videos\derived\ofdvdnet\baseline_enhancement\OFDVDNET_020\OFDVDNET_020_reference.jpg,C:\Users\876762330\Desktop\projects\osteo-vision\research\datasets\public-candidates\d046_fluorescence_osteomyelitis_videos\derived\ofdvdnet\baseline_enhancement\OFDVDNET_020\OFDVDNET_020_fluorescence_enhanced.jpg,C:\Users\876762330\Desktop\projects\osteo-vision\research\datasets\public-candidates\d046_fluorescence_osteomyelitis_videos\derived\ofdvdnet\baseline_enhancement\OFDVDNET_020\OFDVDNET_020_pseudo_color.jpg,C:\Users\876762330\Desktop\projects\osteo-vision\research\datasets\public-candidates\d046_fluorescence_osteomyelitis_videos\derived\ofdvdnet\baseline_enhancement\OFDVDNET_020\OFDVDNET_020_fusion_overlay.jpg,0.6,0.113099,1.0,0.591998,37861,0.048143,ofdvdnet_fluorescence_baseline,OFDVDnet mock chicken-thigh FGS proxy; not jaw osteomyelitis or real intraoperative target-domain data.
OFDVDNET_021,train,C:\Users\876762330\Desktop\projects\osteo-vision\research\datasets\public-candidates\d046_fluorescence_osteomyelitis_videos\raw\fluorescence_proxy\ofdvdnet_dryad_v6wwpzh3w\extracted\OL-2021-07-20-130832-000006-record.mp4,640,42.666666666666664,C:\Users\876762330\Desktop\projects\osteo-vision\research\datasets\public-candidates\d046_fluorescence_osteomyelitis_videos\derived\ofdvdnet\baseline_enhancement\OFDVDNET_021\OFDVDNET_021_reference.jpg,C:\Users\876762330\Desktop\projects\osteo-vision\research\datasets\public-candidates\d046_fluorescence_osteomyelitis_videos\derived\ofdvdnet\baseline_enhancement\OFDVDNET_021\OFDVDNET_021_fluorescence_enhanced.jpg,C:\Users\876762330\Desktop\projects\osteo-vision\research\datasets\public-candidates\d046_fluorescence_osteomyelitis_videos\derived\ofdvdnet\baseline_enhancement\OFDVDNET_021\OFDVDNET_021_pseudo_color.jpg,C:\Users\876762330\Desktop\projects\osteo-vision\research\datasets\public-candidates\d046_fluorescence_osteomyelitis_videos\derived\ofdvdnet\baseline_enhancement\OFDVDNET_021\OFDVDNET_021_fusion_overlay.jpg,0.6,0.199176,1.0,0.75,72996,0.092819,ofdvdnet_fluorescence_baseline,OFDVDnet mock chicken-thigh FGS proxy; not jaw osteomyelitis or real intraoperative target-domain data.
OFDVDNET_022,train,C:\Users\876762330\Desktop\projects\osteo-vision\research\datasets\public-candidates\d046_fluorescence_osteomyelitis_videos\raw\fluorescence_proxy\ofdvdnet_dryad_v6wwpzh3w\extracted\OL-2021-07-20-131024-000009-record.mp4,228,15.2,C:\Users\876762330\Desktop\projects\osteo-vision\research\datasets\public-candidates\d046_fluorescence_osteomyelitis_videos\derived\ofdvdnet\baseline_enhancement\OFDVDNET_022\OFDVDNET_022_reference.jpg,C:\Users\876762330\Desktop\projects\osteo-vision\research\datasets\public-candidates\d046_fluorescence_osteomyelitis_videos\derived\ofdvdnet\baseline_enhancement\OFDVDNET_022\OFDVDNET_022_fluorescence_enhanced.jpg,C:\Users\876762330\Desktop\projects\osteo-vision\research\datasets\public-candidates\d046_fluorescence_osteomyelitis_videos\derived\ofdvdnet\baseline_enhancement\OFDVDNET_022\OFDVDNET_022_pseudo_color.jpg,C:\Users\876762330\Desktop\projects\osteo-vision\research\datasets\public-candidates\d046_fluorescence_osteomyelitis_videos\derived\ofdvdnet\baseline_enhancement\OFDVDNET_022\OFDVDNET_022_fusion_overlay.jpg,0.6,0.187621,1.0,0.739004,70389,0.089504,ofdvdnet_fluorescence_baseline,OFDVDnet mock chicken-thigh FGS proxy; not jaw osteomyelitis or real intraoperative target-domain data.
OFDVDNET_023,train,C:\Users\876762330\Desktop\projects\osteo-vision\research\datasets\public-candidates\d046_fluorescence_osteomyelitis_videos\raw\fluorescence_proxy\ofdvdnet_dryad_v6wwpzh3w\extracted\OL-2021-07-20-131158-000014-record.mp4,1278,85.2,C:\Users\876762330\Desktop\projects\osteo-vision\research\datasets\public-candidates\d046_fluorescence_osteomyelitis_videos\derived\ofdvdnet\baseline_enhancement\OFDVDNET_023\OFDVDNET_023_reference.jpg,C:\Users\876762330\Desktop\projects\osteo-vision\research\datasets\public-candidates\d046_fluorescence_osteomyelitis_videos\derived\ofdvdnet\baseline_enhancement\OFDVDNET_023\OFDVDNET_023_fluorescence_enhanced.jpg,C:\Users\876762330\Desktop\projects\osteo-vision\research\datasets\public-candidates\d046_fluorescence_osteomyelitis_videos\derived\ofdvdnet\baseline_enhancement\OFDVDNET_023\OFDVDNET_023_pseudo_color.jpg,C:\Users\876762330\Desktop\projects\osteo-vision\research\datasets\public-candidates\d046_fluorescence_osteomyelitis_videos\derived\ofdvdnet\baseline_enhancement\OFDVDNET_023\OFDVDNET_023_fusion_overlay.jpg,0.6,0.190451,1.0,0.753968,77796,0.098923,ofdvdnet_fluorescence_baseline,OFDVDnet mock chicken-thigh FGS proxy; not jaw osteomyelitis or real intraoperative target-domain data.
OFDVDNET_024,train,C:\Users\876762330\Desktop\projects\osteo-vision\research\datasets\public-candidates\d046_fluorescence_osteomyelitis_videos\raw\fluorescence_proxy\ofdvdnet_dryad_v6wwpzh3w\extracted\OL-2021-07-20-131441-000017-record.mp4,722,48.13333333333333,C:\Users\876762330\Desktop\projects\osteo-vision\research\datasets\public-candidates\d046_fluorescence_osteomyelitis_videos\derived\ofdvdnet\baseline_enhancement\OFDVDNET_024\OFDVDNET_024_reference.jpg,C:\Users\876762330\Desktop\projects\osteo-vision\research\datasets\public-candidates\d046_fluorescence_osteomyelitis_videos\derived\ofdvdnet\baseline_enhancement\OFDVDNET_024\OFDVDNET_024_fluorescence_enhanced.jpg,C:\Users\876762330\Desktop\projects\osteo-vision\research\datasets\public-candidates\d046_fluorescence_osteomyelitis_videos\derived\ofdvdnet\baseline_enhancement\OFDVDNET_024\OFDVDNET_024_pseudo_color.jpg,C:\Users\876762330\Desktop\projects\osteo-vision\research\datasets\public-candidates\d046_fluorescence_osteomyelitis_videos\derived\ofdvdnet\baseline_enhancement\OFDVDNET_024\OFDVDNET_024_fusion_overlay.jpg,0.6,0.187263,1.0,0.75,74733,0.095028,ofdvdnet_fluorescence_baseline,OFDVDnet mock chicken-thigh FGS proxy; not jaw osteomyelitis or real intraoperative target-domain data.
OFDVDNET_025,train,C:\Users\876762330\Desktop\projects\osteo-vision\research\datasets\public-candidates\d046_fluorescence_osteomyelitis_videos\raw\fluorescence_proxy\ofdvdnet_dryad_v6wwpzh3w\extracted\OL-2021-07-20-131630-000020-record.mp4,880,58.666666666666664,C:\Users\876762330\Desktop\projects\osteo-vision\research\datasets\public-candidates\d046_fluorescence_osteomyelitis_videos\derived\ofdvdnet\baseline_enhancement\OFDVDNET_025\OFDVDNET_025_reference.jpg,C:\Users\876762330\Desktop\projects\osteo-vision\research\datasets\public-candidates\d046_fluorescence_osteomyelitis_videos\derived\ofdvdnet\baseline_enhancement\OFDVDNET_025\OFDVDNET_025_fluorescence_enhanced.jpg,C:\Users\876762330\Desktop\projects\osteo-vision\research\datasets\public-candidates\d046_fluorescence_osteomyelitis_videos\derived\ofdvdnet\baseline_enhancement\OFDVDNET_025\OFDVDNET_025_pseudo_color.jpg,C:\Users\876762330\Desktop\projects\osteo-vision\research\datasets\public-candidates\d046_fluorescence_osteomyelitis_videos\derived\ofdvdnet\baseline_enhancement\OFDVDNET_025\OFDVDNET_025_fusion_overlay.jpg,0.6,0.166628,1.0,0.710317,60918,0.077461,ofdvdnet_fluorescence_baseline,OFDVDnet mock chicken-thigh FGS proxy; not jaw osteomyelitis or real intraoperative target-domain data.
OFDVDNET_026,train,C:\Users\876762330\Desktop\projects\osteo-vision\research\datasets\public-candidates\d046_fluorescence_osteomyelitis_videos\raw\fluorescence_proxy\ofdvdnet_dryad_v6wwpzh3w\extracted\OL-2021-07-20-131821-000023-record.mp4,640,42.666666666666664,C:\Users\876762330\Desktop\projects\osteo-vision\research\datasets\public-candidates\d046_fluorescence_osteomyelitis_videos\derived\ofdvdnet\baseline_enhancement\OFDVDNET_026\OFDVDNET_026_reference.jpg,C:\Users\876762330\Desktop\projects\osteo-vision\research\datasets\public-candidates\d046_fluorescence_osteomyelitis_videos\derived\ofdvdnet\baseline_enhancement\OFDVDNET_026\OFDVDNET_026_fluorescence_enhanced.jpg,C:\Users\876762330\Desktop\projects\osteo-vision\research\datasets\public-candidates\d046_fluorescence_osteomyelitis_videos\derived\ofdvdnet\baseline_enhancement\OFDVDNET_026\OFDVDNET_026_pseudo_color.jpg,C:\Users\876762330\Desktop\projects\osteo-vision\research\datasets\public-candidates\d046_fluorescence_osteomyelitis_videos\derived\ofdvdnet\baseline_enhancement\OFDVDNET_026\OFDVDNET_026_fusion_overlay.jpg,0.6,0.154764,1.0,0.666667,50695,0.064462,ofdvdnet_fluorescence_baseline,OFDVDnet mock chicken-thigh FGS proxy; not jaw osteomyelitis or real intraoperative target-domain data.
OFDVDNET_027,train,C:\Users\876762330\Desktop\projects\osteo-vision\research\datasets\public-candidates\d046_fluorescence_osteomyelitis_videos\raw\fluorescence_proxy\ofdvdnet_dryad_v6wwpzh3w\extracted\OL-2021-07-20-131944-000026-record.mp4,729,48.6,C:\Users\876762330\Desktop\projects\osteo-vision\research\datasets\public-candidates\d046_fluorescence_osteomyelitis_videos\derived\ofdvdnet\baseline_enhancement\OFDVDNET_027\OFDVDNET_027_reference.jpg,C:\Users\876762330\Desktop\projects\osteo-vision\research\datasets\public-candidates\d046_fluorescence_osteomyelitis_videos\derived\ofdvdnet\baseline_enhancement\OFDVDNET_027\OFDVDNET_027_fluorescence_enhanced.jpg,C:\Users\876762330\Desktop\projects\osteo-vision\research\datasets\public-candidates\d046_fluorescence_osteomyelitis_videos\derived\ofdvdnet\baseline_enhancement\OFDVDNET_027\OFDVDNET_027_pseudo_color.jpg,C:\Users\876762330\Desktop\projects\osteo-vision\research\datasets\public-candidates\d046_fluorescence_osteomyelitis_videos\derived\ofdvdnet\baseline_enhancement\OFDVDNET_027\OFDVDNET_027_fusion_overlay.jpg,0.6,0.154275,1.0,0.650794,48806,0.06206,ofdvdnet_fluorescence_baseline,OFDVDnet mock chicken-thigh FGS proxy; not jaw osteomyelitis or real intraoperative target-domain data.
OFDVDNET_028,train,C:\Users\876762330\Desktop\projects\osteo-vision\research\datasets\public-candidates\d046_fluorescence_osteomyelitis_videos\raw\fluorescence_proxy\ofdvdnet_dryad_v6wwpzh3w\extracted\OL-2021-07-20-132119-000029-record.mp4,565,37.666666666666664,C:\Users\876762330\Desktop\projects\osteo-vision\research\datasets\public-candidates\d046_fluorescence_osteomyelitis_videos\derived\ofdvdnet\baseline_enhancement\OFDVDNET_028\OFDVDNET_028_reference.jpg,C:\Users\876762330\Desktop\projects\osteo-vision\research\datasets\public-candidates\d046_fluorescence_osteomyelitis_videos\derived\ofdvdnet\baseline_enhancement\OFDVDNET_028\OFDVDNET_028_fluorescence_enhanced.jpg,C:\Users\876762330\Desktop\projects\osteo-vision\research\datasets\public-candidates\d046_fluorescence_osteomyelitis_videos\derived\ofdvdnet\baseline_enhancement\OFDVDNET_028\OFDVDNET_028_pseudo_color.jpg,C:\Users\876762330\Desktop\projects\osteo-vision\research\datasets\public-candidates\d046_fluorescence_osteomyelitis_videos\derived\ofdvdnet\baseline_enhancement\OFDVDNET_028\OFDVDNET_028_fusion_overlay.jpg,0.6,0.172908,1.0,0.702381,63631,0.080911,ofdvdnet_fluorescence_baseline,OFDVDnet mock chicken-thigh FGS proxy; not jaw osteomyelitis or real intraoperative target-domain data.
OFDVDNET_029,train,C:\Users\876762330\Desktop\projects\osteo-vision\research\datasets\public-candidates\d046_fluorescence_osteomyelitis_videos\raw\fluorescence_proxy\ofdvdnet_dryad_v6wwpzh3w\extracted\OL-2021-07-20-132231-000032-record.mp4,946,63.06666666666667,C:\Users\876762330\Desktop\projects\osteo-vision\research\datasets\public-candidates\d046_fluorescence_osteomyelitis_videos\derived\ofdvdnet\baseline_enhancement\OFDVDNET_029\OFDVDNET_029_reference.jpg,C:\Users\876762330\Desktop\projects\osteo-vision\research\datasets\public-candidates\d046_fluorescence_osteomyelitis_videos\derived\ofdvdnet\baseline_enhancement\OFDVDNET_029\OFDVDNET_029_fluorescence_enhanced.jpg,C:\Users\876762330\Desktop\projects\osteo-vision\research\datasets\public-candidates\d046_fluorescence_osteomyelitis_videos\derived\ofdvdnet\baseline_enhancement\OFDVDNET_029\OFDVDNET_029_pseudo_color.jpg,C:\Users\876762330\Desktop\projects\osteo-vision\research\datasets\public-candidates\d046_fluorescence_osteomyelitis_videos\derived\ofdvdnet\baseline_enhancement\OFDVDNET_029\OFDVDNET_029_fusion_overlay.jpg,0.6,0.151442,1.0,0.631729,44621,0.056739,ofdvdnet_fluorescence_baseline,OFDVDnet mock chicken-thigh FGS proxy; not jaw osteomyelitis or real intraoperative target-domain data.
OFDVDNET_030,train,C:\Users\876762330\Desktop\projects\osteo-vision\research\datasets\public-candidates\d046_fluorescence_osteomyelitis_videos\raw\fluorescence_proxy\ofdvdnet_dryad_v6wwpzh3w\extracted\OL-2021-07-20-132432-000035-record.mp4,544,36.266666666666666,C:\Users\876762330\Desktop\projects\osteo-vision\research\datasets\public-candidates\d046_fluorescence_osteomyelitis_videos\derived\ofdvdnet\baseline_enhancement\OFDVDNET_030\OFDVDNET_030_reference.jpg,C:\Users\876762330\Desktop\projects\osteo-vision\research\datasets\public-candidates\d046_fluorescence_osteomyelitis_videos\derived\ofdvdnet\baseline_enhancement\OFDVDNET_030\OFDVDNET_030_fluorescence_enhanced.jpg,C:\Users\876762330\Desktop\projects\osteo-vision\research\datasets\public-candidates\d046_fluorescence_osteomyelitis_videos\derived\ofdvdnet\baseline_enhancement\OFDVDNET_030\OFDVDNET_030_pseudo_color.jpg,C:\Users\876762330\Desktop\projects\osteo-vision\research\datasets\public-candidates\d046_fluorescence_osteomyelitis_videos\derived\ofdvdnet\baseline_enhancement\OFDVDNET_030\OFDVDNET_030_fusion_overlay.jpg,0.6,0.140122,1.0,0.595971,38460,0.048904,ofdvdnet_fluorescence_baseline,OFDVDnet mock chicken-thigh FGS proxy; not jaw osteomyelitis or real intraoperative target-domain data.
OFDVDNET_032,train,C:\Users\876762330\Desktop\projects\osteo-vision\research\datasets\public-candidates\d046_fluorescence_osteomyelitis_videos\raw\fluorescence_proxy\ofdvdnet_dryad_v6wwpzh3w\extracted\OL-2021-07-20-132704-000041-record.mp4,566,37.733333333333334,C:\Users\876762330\Desktop\projects\osteo-vision\research\datasets\public-candidates\d046_fluorescence_osteomyelitis_videos\derived\ofdvdnet\baseline_enhancement\OFDVDNET_032\OFDVDNET_032_reference.jpg,C:\Users\876762330\Desktop\projects\osteo-vision\research\datasets\public-candidates\d046_fluorescence_osteomyelitis_videos\derived\ofdvdnet\baseline_enhancement\OFDVDNET_032\OFDVDNET_032_fluorescence_enhanced.jpg,C:\Users\876762330\Desktop\projects\osteo-vision\research\datasets\public-candidates\d046_fluorescence_osteomyelitis_videos\derived\ofdvdnet\baseline_enhancement\OFDVDNET_032\OFDVDNET_032_pseudo_color.jpg,C:\Users\876762330\Desktop\projects\osteo-vision\research\datasets\public-candidates\d046_fluorescence_osteomyelitis_videos\derived\ofdvdnet\baseline_enhancement\OFDVDNET_032\OFDVDNET_032_fusion_overlay.jpg,0.6,0.147551,1.0,0.68254,51670,0.065702,ofdvdnet_fluorescence_baseline,OFDVDnet mock chicken-thigh FGS proxy; not jaw osteomyelitis or real intraoperative target-domain data.
OFDVDNET_033,train,C:\Users\876762330\Desktop\projects\osteo-vision\research\datasets\public-candidates\d046_fluorescence_osteomyelitis_videos\raw\fluorescence_proxy\ofdvdnet_dryad_v6wwpzh3w\extracted\OL-2021-07-20-132817-000044-record.mp4,482,32.13333333333333,C:\Users\876762330\Desktop\projects\osteo-vision\research\datasets\public-candidates\d046_fluorescence_osteomyelitis_videos\derived\ofdvdnet\baseline_enhancement\OFDVDNET_033\OFDVDNET_033_reference.jpg,C:\Users\876762330\Desktop\projects\osteo-vision\research\datasets\public-candidates\d046_fluorescence_osteomyelitis_videos\derived\ofdvdnet\baseline_enhancement\OFDVDNET_033\OFDVDNET_033_fluorescence_enhanced.jpg,C:\Users\876762330\Desktop\projects\osteo-vision\research\datasets\public-candidates\d046_fluorescence_osteomyelitis_videos\derived\ofdvdnet\baseline_enhancement\OFDVDNET_033\OFDVDNET_033_pseudo_color.jpg,C:\Users\876762330\Desktop\projects\osteo-vision\research\datasets\public-candidates\d046_fluorescence_osteomyelitis_videos\derived\ofdvdnet\baseline_enhancement\OFDVDNET_033\OFDVDNET_033_fusion_overlay.jpg,0.6,0.144833,1.0,0.678571,51787,0.065851,ofdvdnet_fluorescence_baseline,OFDVDnet mock chicken-thigh FGS proxy; not jaw osteomyelitis or real intraoperative target-domain data.
OFDVDNET_034,train,C:\Users\876762330\Desktop\projects\osteo-vision\research\datasets\public-candidates\d046_fluorescence_osteomyelitis_videos\raw\fluorescence_proxy\ofdvdnet_dryad_v6wwpzh3w\extracted\OL-2021-07-20-132923-000047-record.mp4,675,45.0,C:\Users\876762330\Desktop\projects\osteo-vision\research\datasets\public-candidates\d046_fluorescence_osteomyelitis_videos\derived\ofdvdnet\baseline_enhancement\OFDVDNET_034\OFDVDNET_034_reference.jpg,C:\Users\876762330\Desktop\projects\osteo-vision\research\datasets\public-candidates\d046_fluorescence_osteomyelitis_videos\derived\ofdvdnet\baseline_enhancement\OFDVDNET_034\OFDVDNET_034_fluorescence_enhanced.jpg,C:\Users\876762330\Desktop\projects\osteo-vision\research\datasets\public-candidates\d046_fluorescence_osteomyelitis_videos\derived\ofdvdnet\baseline_enhancement\OFDVDNET_034\OFDVDNET_034_pseudo_color.jpg,C:\Users\876762330\Desktop\projects\osteo-vision\research\datasets\public-candidates\d046_fluorescence_osteomyelitis_videos\derived\ofdvdnet\baseline_enhancement\OFDVDNET_034\OFDVDNET_034_fusion_overlay.jpg,0.6,0.137886,1.0,0.694444,53682,0.06826,ofdvdnet_fluorescence_baseline,OFDVDnet mock chicken-thigh FGS proxy; not jaw osteomyelitis or real intraoperative target-domain data.
OFDVDNET_035,train,C:\Users\876762330\Desktop\projects\osteo-vision\research\datasets\public-candidates\d046_fluorescence_osteomyelitis_videos\raw\fluorescence_proxy\ofdvdnet_dryad_v6wwpzh3w\extracted\OL-2021-07-20-133049-000050-record.mp4,624,41.6,C:\Users\876762330\Desktop\projects\osteo-vision\research\datasets\public-candidates\d046_fluorescence_osteomyelitis_videos\derived\ofdvdnet\baseline_enhancement\OFDVDNET_035\OFDVDNET_035_reference.jpg,C:\Users\876762330\Desktop\projects\osteo-vision\research\datasets\public-candidates\d046_fluorescence_osteomyelitis_videos\derived\ofdvdnet\baseline_enhancement\OFDVDNET_035\OFDVDNET_035_fluorescence_enhanced.jpg,C:\Users\876762330\Desktop\projects\osteo-vision\research\datasets\public-candidates\d046_fluorescence_osteomyelitis_videos\derived\ofdvdnet\baseline_enhancement\OFDVDNET_035\OFDVDNET_035_pseudo_color.jpg,C:\Users\876762330\Desktop\projects\osteo-vision\research\datasets\public-candidates\d046_fluorescence_osteomyelitis_videos\derived\ofdvdnet\baseline_enhancement\OFDVDNET_035\OFDVDNET_035_fusion_overlay.jpg,0.6,0.14106,1.0,0.666667,50445,0.064144,ofdvdnet_fluorescence_baseline,OFDVDnet mock chicken-thigh FGS proxy; not jaw osteomyelitis or real intraoperative target-domain data.
OFDVDNET_036,train,C:\Users\876762330\Desktop\projects\osteo-vision\research\datasets\public-candidates\d046_fluorescence_osteomyelitis_videos\raw\fluorescence_proxy\ofdvdnet_dryad_v6wwpzh3w\extracted\OL-2021-07-20-133219-000051-record.mp4,750,50.0,C:\Users\876762330\Desktop\projects\osteo-vision\research\datasets\public-candidates\d046_fluorescence_osteomyelitis_videos\derived\ofdvdnet\baseline_enhancement\OFDVDNET_036\OFDVDNET_036_reference.jpg,C:\Users\876762330\Desktop\projects\osteo-vision\research\datasets\public-candidates\d046_fluorescence_osteomyelitis_videos\derived\ofdvdnet\baseline_enhancement\OFDVDNET_036\OFDVDNET_036_fluorescence_enhanced.jpg,C:\Users\876762330\Desktop\projects\osteo-vision\research\datasets\public-candidates\d046_fluorescence_osteomyelitis_videos\derived\ofdvdnet\baseline_enhancement\OFDVDNET_036\OFDVDNET_036_pseudo_color.jpg,C:\Users\876762330\Desktop\projects\osteo-vision\research\datasets\public-candidates\d046_fluorescence_osteomyelitis_videos\derived\ofdvdnet\baseline_enhancement\OFDVDNET_036\OFDVDNET_036_fusion_overlay.jpg,0.6,0.121585,1.0,0.611864,41134,0.052305,ofdvdnet_fluorescence_baseline,OFDVDnet mock chicken-thigh FGS proxy; not jaw osteomyelitis or real intraoperative target-domain data.
OFDVDNET_037,train,C:\Users\876762330\Desktop\projects\osteo-vision\research\datasets\public-candidates\d046_fluorescence_osteomyelitis_videos\raw\fluorescence_proxy\ofdvdnet_dryad_v6wwpzh3w\extracted\OL-2021-07-20-133354-000054-record.mp4,396,26.4,C:\Users\876762330\Desktop\projects\osteo-vision\research\datasets\public-candidates\d046_fluorescence_osteomyelitis_videos\derived\ofdvdnet\baseline_enhancement\OFDVDNET_037\OFDVDNET_037_reference.jpg,C:\Users\876762330\Desktop\projects\osteo-vision\research\datasets\public-candidates\d046_fluorescence_osteomyelitis_videos\derived\ofdvdnet\baseline_enhancement\OFDVDNET_037\OFDVDNET_037_fluorescence_enhanced.jpg,C:\Users\876762330\Desktop\projects\osteo-vision\research\datasets\public-candidates\d046_fluorescence_osteomyelitis_videos\derived\ofdvdnet\baseline_enhancement\OFDVDNET_037\OFDVDNET_037_pseudo_color.jpg,C:\Users\876762330\Desktop\projects\osteo-vision\research\datasets\public-candidates\d046_fluorescence_osteomyelitis_videos\derived\ofdvdnet\baseline_enhancement\OFDVDNET_037\OFDVDNET_037_fusion_overlay.jpg,0.6,0.066093,1.0,0.373475,19903,0.025308,ofdvdnet_fluorescence_baseline,OFDVDnet mock chicken-thigh FGS proxy; not jaw osteomyelitis or real intraoperative target-domain data.
OFDVDNET_038,train,C:\Users\876762330\Desktop\projects\osteo-vision\research\datasets\public-candidates\d046_fluorescence_osteomyelitis_videos\raw\fluorescence_proxy\ofdvdnet_dryad_v6wwpzh3w\extracted\OL-2021-07-20-133844-000003-record.mp4,609,40.6,C:\Users\876762330\Desktop\projects\osteo-vision\research\datasets\public-candidates\d046_fluorescence_osteomyelitis_videos\derived\ofdvdnet\baseline_enhancement\OFDVDNET_038\OFDVDNET_038_reference.jpg,C:\Users\876762330\Desktop\projects\osteo-vision\research\datasets\public-candidates\d046_fluorescence_osteomyelitis_videos\derived\ofdvdnet\baseline_enhancement\OFDVDNET_038\OFDVDNET_038_fluorescence_enhanced.jpg,C:\Users\876762330\Desktop\projects\osteo-vision\research\datasets\public-candidates\d046_fluorescence_osteomyelitis_videos\derived\ofdvdnet\baseline_enhancement\OFDVDNET_038\OFDVDNET_038_pseudo_color.jpg,C:\Users\876762330\Desktop\projects\osteo-vision\research\datasets\public-candidates\d046_fluorescence_osteomyelitis_videos\derived\ofdvdnet\baseline_enhancement\OFDVDNET_038\OFDVDNET_038_fusion_overlay.jpg,0.6,0.088783,1.0,0.452938,21931,0.027887,ofdvdnet_fluorescence_baseline,OFDVDnet mock chicken-thigh FGS proxy; not jaw osteomyelitis or real intraoperative target-domain data.
OFDVDNET_039,train,C:\Users\876762330\Desktop\projects\osteo-vision\research\datasets\public-candidates\d046_fluorescence_osteomyelitis_videos\raw\fluorescence_proxy\ofdvdnet_dryad_v6wwpzh3w\extracted\OL-2021-07-20-134001-000006-record.mp4,767,51.13333333333333,C:\Users\876762330\Desktop\projects\osteo-vision\research\datasets\public-candidates\d046_fluorescence_osteomyelitis_videos\derived\ofdvdnet\baseline_enhancement\OFDVDNET_039\OFDVDNET_039_reference.jpg,C:\Users\876762330\Desktop\projects\osteo-vision\research\datasets\public-candidates\d046_fluorescence_osteomyelitis_videos\derived\ofdvdnet\baseline_enhancement\OFDVDNET_039\OFDVDNET_039_fluorescence_enhanced.jpg,C:\Users\876762330\Desktop\projects\osteo-vision\research\datasets\public-candidates\d046_fluorescence_osteomyelitis_videos\derived\ofdvdnet\baseline_enhancement\OFDVDNET_039\OFDVDNET_039_pseudo_color.jpg,C:\Users\876762330\Desktop\projects\osteo-vision\research\datasets\public-candidates\d046_fluorescence_osteomyelitis_videos\derived\ofdvdnet\baseline_enhancement\OFDVDNET_039\OFDVDNET_039_fusion_overlay.jpg,0.6,0.093041,1.0,0.484127,26481,0.033672,ofdvdnet_fluorescence_baseline,OFDVDnet mock chicken-thigh FGS proxy; not jaw osteomyelitis or real intraoperative target-domain data.
OFDVDNET_040,train,C:\Users\876762330\Desktop\projects\osteo-vision\research\datasets\public-candidates\d046_fluorescence_osteomyelitis_videos\raw\fluorescence_proxy\ofdvdnet_dryad_v6wwpzh3w\extracted\OL-2021-07-20-134139-000008-record.mp4,582,38.8,C:\Users\876762330\Desktop\projects\osteo-vision\research\datasets\public-candidates\d046_fluorescence_osteomyelitis_videos\derived\ofdvdnet\baseline_enhancement\OFDVDNET_040\OFDVDNET_040_reference.jpg,C:\Users\876762330\Desktop\projects\osteo-vision\research\datasets\public-candidates\d046_fluorescence_osteomyelitis_videos\derived\ofdvdnet\baseline_enhancement\OFDVDNET_040\OFDVDNET_040_fluorescence_enhanced.jpg,C:\Users\876762330\Desktop\projects\osteo-vision\research\datasets\public-candidates\d046_fluorescence_osteomyelitis_videos\derived\ofdvdnet\baseline_enhancement\OFDVDNET_040\OFDVDNET_040_pseudo_color.jpg,C:\Users\876762330\Desktop\projects\osteo-vision\research\datasets\public-candidates\d046_fluorescence_osteomyelitis_videos\derived\ofdvdnet\baseline_enhancement\OFDVDNET_040\OFDVDNET_040_fusion_overlay.jpg,0.6,0.117004,1.0,0.588933,38215,0.048593,ofdvdnet_fluorescence_baseline,OFDVDnet mock chicken-thigh FGS proxy; not jaw osteomyelitis or real intraoperative target-domain data.
OFDVDNET_041,val,C:\Users\876762330\Desktop\projects\osteo-vision\research\datasets\public-candidates\d046_fluorescence_osteomyelitis_videos\raw\fluorescence_proxy\ofdvdnet_dryad_v6wwpzh3w\extracted\OL-2021-07-20-134436-000013-record.mp4,570,38.0,C:\Users\876762330\Desktop\projects\osteo-vision\research\datasets\public-candidates\d046_fluorescence_osteomyelitis_videos\derived\ofdvdnet\baseline_enhancement\OFDVDNET_041\OFDVDNET_041_reference.jpg,C:\Users\876762330\Desktop\projects\osteo-vision\research\datasets\public-candidates\d046_fluorescence_osteomyelitis_videos\derived\ofdvdnet\baseline_enhancement\OFDVDNET_041\OFDVDNET_041_fluorescence_enhanced.jpg,C:\Users\876762330\Desktop\projects\osteo-vision\research\datasets\public-candidates\d046_fluorescence_osteomyelitis_videos\derived\ofdvdnet\baseline_enhancement\OFDVDNET_041\OFDVDNET_041_pseudo_color.jpg,C:\Users\876762330\Desktop\projects\osteo-vision\research\datasets\public-candidates\d046_fluorescence_osteomyelitis_videos\derived\ofdvdnet\baseline_enhancement\OFDVDNET_041\OFDVDNET_041_fusion_overlay.jpg,0.6,0.138062,1.0,0.614153,41945,0.053336,ofdvdnet_fluorescence_baseline,OFDVDnet mock chicken-thigh FGS proxy; not jaw osteomyelitis or real intraoperative target-domain data.
OFDVDNET_042,val,C:\Users\876762330\Desktop\projects\osteo-vision\research\datasets\public-candidates\d046_fluorescence_osteomyelitis_videos\raw\fluorescence_proxy\ofdvdnet_dryad_v6wwpzh3w\extracted\OL-2021-07-20-134653-000014-record.mp4,618,41.2,C:\Users\876762330\Desktop\projects\osteo-vision\research\datasets\public-candidates\d046_fluorescence_osteomyelitis_videos\derived\ofdvdnet\baseline_enhancement\OFDVDNET_042\OFDVDNET_042_reference.jpg,C:\Users\876762330\Desktop\projects\osteo-vision\research\datasets\public-candidates\d046_fluorescence_osteomyelitis_videos\derived\ofdvdnet\baseline_enhancement\OFDVDNET_042\OFDVDNET_042_fluorescence_enhanced.jpg,C:\Users\876762330\Desktop\projects\osteo-vision\research\datasets\public-candidates\d046_fluorescence_osteomyelitis_videos\derived\ofdvdnet\baseline_enhancement\OFDVDNET_042\OFDVDNET_042_pseudo_color.jpg,C:\Users\876762330\Desktop\projects\osteo-vision\research\datasets\public-candidates\d046_fluorescence_osteomyelitis_videos\derived\ofdvdnet\baseline_enhancement\OFDVDNET_042\OFDVDNET_042_fusion_overlay.jpg,0.6,0.090271,1.0,0.441563,23237,0.029547,ofdvdnet_fluorescence_baseline,OFDVDnet mock chicken-thigh FGS proxy; not jaw osteomyelitis or real intraoperative target-domain data.
OFDVDNET_043,val,C:\Users\876762330\Desktop\projects\osteo-vision\research\datasets\public-candidates\d046_fluorescence_osteomyelitis_videos\raw\fluorescence_proxy\ofdvdnet_dryad_v6wwpzh3w\extracted\OL-2021-07-20-134859-000017-record.mp4,612,40.8,C:\Users\876762330\Desktop\projects\osteo-vision\research\datasets\public-candidates\d046_fluorescence_osteomyelitis_videos\derived\ofdvdnet\baseline_enhancement\OFDVDNET_043\OFDVDNET_043_reference.jpg,C:\Users\876762330\Desktop\projects\osteo-vision\research\datasets\public-candidates\d046_fluorescence_osteomyelitis_videos\derived\ofdvdnet\baseline_enhancement\OFDVDNET_043\OFDVDNET_043_fluorescence_enhanced.jpg,C:\Users\876762330\Desktop\projects\osteo-vision\research\datasets\public-candidates\d046_fluorescence_osteomyelitis_videos\derived\ofdvdnet\baseline_enhancement\OFDVDNET_043\OFDVDNET_043_pseudo_color.jpg,C:\Users\876762330\Desktop\projects\osteo-vision\research\datasets\public-candidates\d046_fluorescence_osteomyelitis_videos\derived\ofdvdnet\baseline_enhancement\OFDVDNET_043\OFDVDNET_043_fusion_overlay.jpg,0.6,0.115589,1.0,0.563492,34499,0.043868,ofdvdnet_fluorescence_baseline,OFDVDnet mock chicken-thigh FGS proxy; not jaw osteomyelitis or real intraoperative target-domain data.
OFDVDNET_044,val,C:\Users\876762330\Desktop\projects\osteo-vision\research\datasets\public-candidates\d046_fluorescence_osteomyelitis_videos\raw\fluorescence_proxy\ofdvdnet_dryad_v6wwpzh3w\extracted\OL-2021-07-20-135026-000020-record.mp4,876,58.4,C:\Users\876762330\Desktop\projects\osteo-vision\research\datasets\public-candidates\d046_fluorescence_osteomyelitis_videos\derived\ofdvdnet\baseline_enhancement\OFDVDNET_044\OFDVDNET_044_reference.jpg,C:\Users\876762330\Desktop\projects\osteo-vision\research\datasets\public-candidates\d046_fluorescence_osteomyelitis_videos\derived\ofdvdnet\baseline_enhancement\OFDVDNET_044\OFDVDNET_044_fluorescence_enhanced.jpg,C:\Users\876762330\Desktop\projects\osteo-vision\research\datasets\public-candidates\d046_fluorescence_osteomyelitis_videos\derived\ofdvdnet\baseline_enhancement\OFDVDNET_044\OFDVDNET_044_pseudo_color.jpg,C:\Users\876762330\Desktop\projects\osteo-vision\research\datasets\public-candidates\d046_fluorescence_osteomyelitis_videos\derived\ofdvdnet\baseline_enhancement\OFDVDNET_044\OFDVDNET_044_fusion_overlay.jpg,0.6,0.112866,1.0,0.650794,46425,0.059032,ofdvdnet_fluorescence_baseline,OFDVDnet mock chicken-thigh FGS proxy; not jaw osteomyelitis or real intraoperative target-domain data.
OFDVDNET_045,val,C:\Users\876762330\Desktop\projects\osteo-vision\research\datasets\public-candidates\d046_fluorescence_osteomyelitis_videos\raw\fluorescence_proxy\ofdvdnet_dryad_v6wwpzh3w\extracted\OL-2021-07-20-135217-000023-record.mp4,542,36.13333333333333,C:\Users\876762330\Desktop\projects\osteo-vision\research\datasets\public-candidates\d046_fluorescence_osteomyelitis_videos\derived\ofdvdnet\baseline_enhancement\OFDVDNET_045\OFDVDNET_045_reference.jpg,C:\Users\876762330\Desktop\projects\osteo-vision\research\datasets\public-candidates\d046_fluorescence_osteomyelitis_videos\derived\ofdvdnet\baseline_enhancement\OFDVDNET_045\OFDVDNET_045_fluorescence_enhanced.jpg,C:\Users\876762330\Desktop\projects\osteo-vision\research\datasets\public-candidates\d046_fluorescence_osteomyelitis_videos\derived\ofdvdnet\baseline_enhancement\OFDVDNET_045\OFDVDNET_045_pseudo_color.jpg,C:\Users\876762330\Desktop\projects\osteo-vision\research\datasets\public-candidates\d046_fluorescence_osteomyelitis_videos\derived\ofdvdnet\baseline_enhancement\OFDVDNET_045\OFDVDNET_045_fusion_overlay.jpg,0.6,0.130548,1.0,0.699273,53406,0.067909,ofdvdnet_fluorescence_baseline,OFDVDnet mock chicken-thigh FGS proxy; not jaw osteomyelitis or real intraoperative target-domain data.
OFDVDNET_046,test,C:\Users\876762330\Desktop\projects\osteo-vision\research\datasets\public-candidates\d046_fluorescence_osteomyelitis_videos\raw\fluorescence_proxy\ofdvdnet_dryad_v6wwpzh3w\extracted\OL-2021-07-20-135327-000026-record.mp4,142,9.466666666666667,C:\Users\876762330\Desktop\projects\osteo-vision\research\datasets\public-candidates\d046_fluorescence_osteomyelitis_videos\derived\ofdvdnet\baseline_enhancement\OFDVDNET_046\OFDVDNET_046_reference.jpg,C:\Users\876762330\Desktop\projects\osteo-vision\research\datasets\public-candidates\d046_fluorescence_osteomyelitis_videos\derived\ofdvdnet\baseline_enhancement\OFDVDNET_046\OFDVDNET_046_fluorescence_enhanced.jpg,C:\Users\876762330\Desktop\projects\osteo-vision\research\datasets\public-candidates\d046_fluorescence_osteomyelitis_videos\derived\ofdvdnet\baseline_enhancement\OFDVDNET_046\OFDVDNET_046_pseudo_color.jpg,C:\Users\876762330\Desktop\projects\osteo-vision\research\datasets\public-candidates\d046_fluorescence_osteomyelitis_videos\derived\ofdvdnet\baseline_enhancement\OFDVDNET_046\OFDVDNET_046_fusion_overlay.jpg,0.6,0.126738,1.0,0.691327,51913,0.066011,ofdvdnet_fluorescence_baseline,OFDVDnet mock chicken-thigh FGS proxy; not jaw osteomyelitis or real intraoperative target-domain data.
OFDVDNET_047,test,C:\Users\876762330\Desktop\projects\osteo-vision\research\datasets\public-candidates\d046_fluorescence_osteomyelitis_videos\raw\fluorescence_proxy\ofdvdnet_dryad_v6wwpzh3w\extracted\OL-2021-07-20-135421-000029-record.mp4,680,45.333333333333336,C:\Users\876762330\Desktop\projects\osteo-vision\research\datasets\public-candidates\d046_fluorescence_osteomyelitis_videos\derived\ofdvdnet\baseline_enhancement\OFDVDNET_047\OFDVDNET_047_reference.jpg,C:\Users\876762330\Desktop\projects\osteo-vision\research\datasets\public-candidates\d046_fluorescence_osteomyelitis_videos\derived\ofdvdnet\baseline_enhancement\OFDVDNET_047\OFDVDNET_047_fluorescence_enhanced.jpg,C:\Users\876762330\Desktop\projects\osteo-vision\research\datasets\public-candidates\d046_fluorescence_osteomyelitis_videos\derived\ofdvdnet\baseline_enhancement\OFDVDNET_047\OFDVDNET_047_pseudo_color.jpg,C:\Users\876762330\Desktop\projects\osteo-vision\research\datasets\public-candidates\d046_fluorescence_osteomyelitis_videos\derived\ofdvdnet\baseline_enhancement\OFDVDNET_047\OFDVDNET_047_fusion_overlay.jpg,0.6,0.113428,1.0,0.642857,44250,0.056267,ofdvdnet_fluorescence_baseline,OFDVDnet mock chicken-thigh FGS proxy; not jaw osteomyelitis or real intraoperative target-domain data.
OFDVDNET_048,test,C:\Users\876762330\Desktop\projects\osteo-vision\research\datasets\public-candidates\d046_fluorescence_osteomyelitis_videos\raw\fluorescence_proxy\ofdvdnet_dryad_v6wwpzh3w\extracted\OL-2021-07-20-135546-000032-record.mp4,969,64.6,C:\Users\876762330\Desktop\projects\osteo-vision\research\datasets\public-candidates\d046_fluorescence_osteomyelitis_videos\derived\ofdvdnet\baseline_enhancement\OFDVDNET_048\OFDVDNET_048_reference.jpg,C:\Users\876762330\Desktop\projects\osteo-vision\research\datasets\public-candidates\d046_fluorescence_osteomyelitis_videos\derived\ofdvdnet\baseline_enhancement\OFDVDNET_048\OFDVDNET_048_fluorescence_enhanced.jpg,C:\Users\876762330\Desktop\projects\osteo-vision\research\datasets\public-candidates\d046_fluorescence_osteomyelitis_videos\derived\ofdvdnet\baseline_enhancement\OFDVDNET_048\OFDVDNET_048_pseudo_color.jpg,C:\Users\876762330\Desktop\projects\osteo-vision\research\datasets\public-candidates\d046_fluorescence_osteomyelitis_videos\derived\ofdvdnet\baseline_enhancement\OFDVDNET_048\OFDVDNET_048_fusion_overlay.jpg,0.6,0.128343,1.0,0.679407,52148,0.06631,ofdvdnet_fluorescence_baseline,OFDVDnet mock chicken-thigh FGS proxy; not jaw osteomyelitis or real intraoperative target-domain data.
OFDVDNET_049,test,C:\Users\876762330\Desktop\projects\osteo-vision\research\datasets\public-candidates\d046_fluorescence_osteomyelitis_videos\raw\fluorescence_proxy\ofdvdnet_dryad_v6wwpzh3w\extracted\OL-2021-07-20-135751-000034-record.mp4,614,40.93333333333333,C:\Users\876762330\Desktop\projects\osteo-vision\research\datasets\public-candidates\d046_fluorescence_osteomyelitis_videos\derived\ofdvdnet\baseline_enhancement\OFDVDNET_049\OFDVDNET_049_reference.jpg,C:\Users\876762330\Desktop\projects\osteo-vision\research\datasets\public-candidates\d046_fluorescence_osteomyelitis_videos\derived\ofdvdnet\baseline_enhancement\OFDVDNET_049\OFDVDNET_049_fluorescence_enhanced.jpg,C:\Users\876762330\Desktop\projects\osteo-vision\research\datasets\public-candidates\d046_fluorescence_osteomyelitis_videos\derived\ofdvdnet\baseline_enhancement\OFDVDNET_049\OFDVDNET_049_pseudo_color.jpg,C:\Users\876762330\Desktop\projects\osteo-vision\research\datasets\public-candidates\d046_fluorescence_osteomyelitis_videos\derived\ofdvdnet\baseline_enhancement\OFDVDNET_049\OFDVDNET_049_fusion_overlay.jpg,0.6,0.167381,1.0,0.762843,76930,0.097822,ofdvdnet_fluorescence_baseline,OFDVDnet mock chicken-thigh FGS proxy; not jaw osteomyelitis or real intraoperative target-domain data.
OFDVDNET_050,test,C:\Users\876762330\Desktop\projects\osteo-vision\research\datasets\public-candidates\d046_fluorescence_osteomyelitis_videos\raw\fluorescence_proxy\ofdvdnet_dryad_v6wwpzh3w\extracted\OL-2021-07-20-135910-000037-record.mp4,521,34.733333333333334,C:\Users\876762330\Desktop\projects\osteo-vision\research\datasets\public-candidates\d046_fluorescence_osteomyelitis_videos\derived\ofdvdnet\baseline_enhancement\OFDVDNET_050\OFDVDNET_050_reference.jpg,C:\Users\876762330\Desktop\projects\osteo-vision\research\datasets\public-candidates\d046_fluorescence_osteomyelitis_videos\derived\ofdvdnet\baseline_enhancement\OFDVDNET_050\OFDVDNET_050_fluorescence_enhanced.jpg,C:\Users\876762330\Desktop\projects\osteo-vision\research\datasets\public-candidates\d046_fluorescence_osteomyelitis_videos\derived\ofdvdnet\baseline_enhancement\OFDVDNET_050\OFDVDNET_050_pseudo_color.jpg,C:\Users\876762330\Desktop\projects\osteo-vision\research\datasets\public-candidates\d046_fluorescence_osteomyelitis_videos\derived\ofdvdnet\baseline_enhancement\OFDVDNET_050\OFDVDNET_050_fusion_overlay.jpg,0.6,0.18,1.0,0.793651,83672,0.106394,ofdvdnet_fluorescence_baseline,OFDVDnet mock chicken-thigh FGS proxy; not jaw osteomyelitis or real intraoperative target-domain data.
